match_id,season_id,balls_per_over,city,match_date,event_name,match_number,gender,match_type,format,overs,season,team_type,venue,toss_winner,team1,team2,toss_decision,match_winner,win_by_runs,win_by_wickets,player_of_match,result,stage,player_of_match_name,toss_won_match,batting_first_won,team_batting_first,first_innings_won
335982,2008,6,Bangalore,2008-04-18,Indian Premier League,1,male,T20,T20,20,2008,club,M Chinnaswamy Stadium,Royal Challengers Bengaluru,Royal Challengers Bengaluru,Kolkata Knight Riders,field,Kolkata Knight Riders,140.0,,46,win,League,BB McCullum,False,True,Kolkata Knight Riders,True
1082591,2017,6,Hyderabad,2017-04-05,Indian Premier League,1,male,T20,T20,20,2017,club,"Rajiv Gandhi International Stadium, Uppal",Royal Challengers Bengaluru,Sunrisers Hyderabad,Royal Challengers Bengaluru,field,Sunrisers Hyderabad,35.0,,15,win,League,Yuvraj Singh,False,True,Sunrisers Hyderabad,True
1082592,2017,6,Pune,2017-04-06,Indian Premier League,2,male,T20,T20,20,2017,club,Maharashtra Cricket Association Stadium,Rising Pune Supergiants,Rising Pune Supergiants,Mumbai Indians,field,Rising Pune Supergiants,,7.0,36,win,League,SPD Smith,True,False,Mumbai Indians,False
1082593,2017,6,Rajkot,2017-04-07,Indian Premier League,3,male,T20,T20,20,2017,club,Saurashtra Cricket Association Stadium,Kolkata Knight Riders,Gujarat Lions,Kolkata Knight Riders,field,Kolkata Knight Riders,,10.0,57,win,League,CA Lynn,True,False,Gujarat Lions,False
1082594,2017,6,Indore,2017-04-08,Indian Premier League,4,male,T20,T20,20,2017,club,Holkar Cricket Stadium,Punjab Kings,Punjab Kings,Rising Pune Supergiants,field,Punjab Kings,,6.0,71,win,League,GJ Maxwell,True,False,Rising Pune Supergiants,False
1082595,2017,6,Bengaluru,2017-04-08,Indian Premier League,5,male,T20,T20,20,2017,club,M.Chinnaswamy Stadium,Royal Challengers Bengaluru,Royal Challengers Bengaluru,Delhi Capitals,bat,Royal Challengers Bengaluru,15.0,,4,win,League,KM Jadhav,True,True,Royal Challengers Bengaluru,True
1082596,2017,6,Hyderabad,2017-04-09,Indian Premier League,6,male,T20,T20,20,2017,club,"Rajiv Gandhi International Stadium, Uppal",Sunrisers Hyderabad,Sunrisers Hyderabad,Gujarat Lions,field,Sunrisers Hyderabad,,9.0,22,win,League,Rashid Khan,True,False,Gujarat Lions,False
1082597,2017,6,Mumbai,2017-04-09,Indian Premier League,7,male,T20,T20,20,2017,club,Wankhede Stadium,Mumbai Indians,Mumbai Indians,Kolkata Knight Riders,field,Mumbai Indians,,4.0,26,win,League,N Rana,True,False,Kolkata Knight Riders,False
1082598,2017,6,Indore,2017-04-10,Indian Premier League,8,male,T20,T20,20,2017,club,Holkar Cricket Stadium,Royal Challengers Bengaluru,Punjab Kings,Royal Challengers Bengaluru,bat,Punjab Kings,,8.0,70,win,League,AR Patel,False,True,Royal Challengers Bengaluru,False
1082599,2017,6,Pune,2017-04-11,Indian Premier League,9,male,T20,T20,20,2017,club,Maharashtra Cricket Association Stadium,Rising Pune Supergiants,Rising Pune Supergiants,Delhi Capitals,field,Delhi Capitals,97.0,,180,win,League,SV Samson,False,True,Delhi Capitals,True
1082600,2017,6,Mumbai,2017-04-12,Indian Premier League,10,male,T20,T20,20,2017,club,Wankhede Stadium,Mumbai Indians,Mumbai Indians,Sunrisers Hyderabad,field,Mumbai Indians,,4.0,33,win,League,JJ Bumrah,True,False,Sunrisers Hyderabad,False
1082601,2017,6,Kolkata,2017-04-13,Indian Premier League,11,male,T20,T20,20,2017,club,Eden Gardens,Kolkata Knight Riders,Kolkata Knight Riders,Punjab Kings,field,Kolkata Knight Riders,,8.0,65,win,League,SP Narine,True,False,Punjab Kings,False
1082602,2017,6,Bangalore,2017-04-14,Indian Premier League,12,male,T20,T20,20,2017,club,M Chinnaswamy Stadium,Mumbai Indians,Royal Challengers Bengaluru,Mumbai Indians,field,Mumbai Indians,,4.0,29,win,League,KA Pollard,True,False,Royal Challengers Bengaluru,False
1082603,2017,6,Rajkot,2017-04-14,Indian Premier League,13,male,T20,T20,20,2017,club,Saurashtra Cricket Association Stadium,Gujarat Lions,Gujarat Lions,Rising Pune Supergiants,field,Gujarat Lions,,7.0,351,win,League,AJ Tye,True,False,Rising Pune Supergiants,False
1082604,2017,6,Kolkata,2017-04-15,Indian Premier League,14,male,T20,T20,20,2017,club,Eden Gardens,Sunrisers Hyderabad,Kolkata Knight Riders,Sunrisers Hyderabad,field,Kolkata Knight Riders,17.0,,58,win,League,RV Uthappa,False,True,Kolkata Knight Riders,True
1082605,2017,6,Delhi,2017-04-15,Indian Premier League,15,male,T20,T20,20,2017,club,Feroz Shah Kotla,Delhi Capitals,Delhi Capitals,Punjab Kings,bat,Delhi Capitals,51.0,,258,win,League,CJ Anderson,True,True,Delhi Capitals,True
1082606,2017,6,Mumbai,2017-04-16,Indian Premier League,16,male,T20,T20,20,2017,club,Wankhede Stadium,Mumbai Indians,Mumbai Indians,Gujarat Lions,field,Mumbai Indians,,6.0,26,win,League,N Rana,True,False,Gujarat Lions,False
1082607,2017,6,Bangalore,2017-04-16,Indian Premier League,17,male,T20,T20,20,2017,club,M Chinnaswamy Stadium,Royal Challengers Bengaluru,Royal Challengers Bengaluru,Rising Pune Supergiants,field,Rising Pune Supergiants,27.0,,37,win,League,BA Stokes,False,True,Rising Pune Supergiants,True
1082608,2017,6,Delhi,2017-04-17,Indian Premier League,18,male,T20,T20,20,2017,club,Feroz Shah Kotla,Delhi Capitals,Delhi Capitals,Kolkata Knight Riders,bat,Kolkata Knight Riders,,4.0,471,win,League,NM Coulter-Nile,False,True,Delhi Capitals,False
1082609,2017,6,Hyderabad,2017-04-17,Indian Premier League,19,male,T20,T20,20,2017,club,"Rajiv Gandhi International Stadium, Uppal",Punjab Kings,Sunrisers Hyderabad,Punjab Kings,field,Sunrisers Hyderabad,5.0,,20,win,League,B Kumar,False,True,Sunrisers Hyderabad,True
1082610,2017,6,Rajkot,2017-04-18,Indian Premier League,20,male,T20,T20,20,2017,club,Saurashtra Cricket Association Stadium,Gujarat Lions,Gujarat Lions,Royal Challengers Bengaluru,field,Royal Challengers Bengaluru,21.0,,1,win,League,CH Gayle,False,True,Royal Challengers Bengaluru,True
1082611,2017,6,Hyderabad,2017-04-19,Indian Premier League,21,male,T20,T20,20,2017,club,"Rajiv Gandhi International Stadium, Uppal",Sunrisers Hyderabad,Sunrisers Hyderabad,Delhi Capitals,bat,Sunrisers Hyderabad,15.0,,531,win,League,KS Williamson,True,True,Sunrisers Hyderabad,True
1082612,2017,6,Indore,2017-04-20,Indian Premier League,22,male,T20,T20,20,2017,club,Holkar Cricket Stadium,Mumbai Indians,Punjab Kings,Mumbai Indians,field,Mumbai Indians,,8.0,24,win,League,JC Buttler,True,False,Punjab Kings,False
1082613,2017,6,Kolkata,2017-04-21,Indian Premier League,23,male,T20,T20,20,2017,club,Eden Gardens,Gujarat Lions,Kolkata Knight Riders,Gujarat Lions,field,Gujarat Lions,,4.0,47,win,League,SK Raina,True,False,Kolkata Knight Riders,False
1082614,2017,6,Mumbai,2017-04-22,Indian Premier League,25,male,T20,T20,20,2017,club,Wankhede Stadium,Delhi Capitals,Mumbai Indians,Delhi Capitals,field,Mumbai Indians,14.0,,32,win,League,MJ McClenaghan,False,True,Mumbai Indians,True
1082615,2017,6,Pune,2017-04-22,Indian Premier League,24,male,T20,T20,20,2017,club,Maharashtra Cricket Association Stadium,Rising Pune Supergiants,Rising Pune Supergiants,Sunrisers Hyderabad,field,Rising Pune Supergiants,,6.0,38,win,League,MS Dhoni,True,False,Sunrisers Hyderabad,False
1082616,2017,6,Rajkot,2017-04-23,Indian Premier League,26,male,T20,T20,20,2017,club,Saurashtra Cricket Association Stadium,Gujarat Lions,Gujarat Lions,Punjab Kings,field,Punjab Kings,26.0,,67,win,League,HM Amla,False,True,Punjab Kings,True
1082617,2017,6,Kolkata,2017-04-23,Indian Premier League,27,male,T20,T20,20,2017,club,Eden Gardens,Royal Challengers Bengaluru,Kolkata Knight Riders,Royal Challengers Bengaluru,field,Kolkata Knight Riders,82.0,,471,win,League,NM Coulter-Nile,False,True,Kolkata Knight Riders,True
1082618,2017,6,Mumbai,2017-04-24,Indian Premier League,28,male,T20,T20,20,2017,club,Wankhede Stadium,Mumbai Indians,Mumbai Indians,Rising Pune Supergiants,field,Rising Pune Supergiants,3.0,,37,win,League,BA Stokes,False,True,Rising Pune Supergiants,True
1082620,2017,6,Pune,2017-04-26,Indian Premier League,30,male,T20,T20,20,2017,club,Maharashtra Cricket Association Stadium,Kolkata Knight Riders,Rising Pune Supergiants,Kolkata Knight Riders,field,Kolkata Knight Riders,,7.0,58,win,League,RV Uthappa,True,False,Rising Pune Supergiants,False
1082621,2017,6,Bangalore,2017-04-27,Indian Premier League,31,male,T20,T20,20,2017,club,M Chinnaswamy Stadium,Gujarat Lions,Royal Challengers Bengaluru,Gujarat Lions,field,Gujarat Lions,,7.0,351,win,League,AJ Tye,True,False,Royal Challengers Bengaluru,False
1082622,2017,6,Kolkata,2017-04-28,Indian Premier League,32,male,T20,T20,20,2017,club,Eden Gardens,Kolkata Knight Riders,Kolkata Knight Riders,Delhi Capitals,field,Kolkata Knight Riders,,7.0,56,win,League,G Gambhir,True,False,Delhi Capitals,False
1082623,2017,6,Chandigarh,2017-04-28,Indian Premier League,33,male,T20,T20,20,2017,club,"Punjab Cricket Association IS Bindra Stadium, Mohali",Punjab Kings,Punjab Kings,Sunrisers Hyderabad,field,Sunrisers Hyderabad,26.0,,22,win,League,Rashid Khan,False,True,Sunrisers Hyderabad,True
1082624,2017,6,Pune,2017-04-29,Indian Premier League,34,male,T20,T20,20,2017,club,Maharashtra Cricket Association Stadium,Royal Challengers Bengaluru,Rising Pune Supergiants,Royal Challengers Bengaluru,field,Rising Pune Supergiants,61.0,,361,win,League,LH Ferguson,False,True,Rising Pune Supergiants,True
1082625,2017,6,Rajkot,2017-04-29,Indian Premier League,35,male,T20,T20,20,2017,club,Saurashtra Cricket Association Stadium,Gujarat Lions,Gujarat Lions,Mumbai Indians,bat,Mumbai Indians,,,28,tie,League,KH Pandya,False,True,Gujarat Lions,False
1082626,2017,6,Chandigarh,2017-04-30,Indian Premier League,36,male,T20,T20,20,2017,club,"Punjab Cricket Association IS Bindra Stadium, Mohali",Punjab Kings,Punjab Kings,Delhi Capitals,field,Punjab Kings,,10.0,76,win,League,Sandeep Sharma,True,False,Delhi Capitals,False
1082627,2017,6,Hyderabad,2017-04-30,Indian Premier League,37,male,T20,T20,20,2017,club,"Rajiv Gandhi International Stadium, Uppal",Kolkata Knight Riders,Sunrisers Hyderabad,Kolkata Knight Riders,field,Sunrisers Hyderabad,48.0,,12,win,League,DA Warner,False,True,Sunrisers Hyderabad,True
1082628,2017,6,Mumbai,2017-05-01,Indian Premier League,38,male,T20,T20,20,2017,club,Wankhede Stadium,Royal Challengers Bengaluru,Mumbai Indians,Royal Challengers Bengaluru,bat,Mumbai Indians,,5.0,25,win,League,RG Sharma,False,True,Royal Challengers Bengaluru,False
1082629,2017,6,Pune,2017-05-01,Indian Premier League,39,male,T20,T20,20,2017,club,Maharashtra Cricket Association Stadium,Rising Pune Supergiants,Rising Pune Supergiants,Gujarat Lions,field,Rising Pune Supergiants,,5.0,37,win,League,BA Stokes,True,False,Gujarat Lions,False
1082630,2017,6,Delhi,2017-05-02,Indian Premier League,40,male,T20,T20,20,2017,club,Feroz Shah Kotla,Delhi Capitals,Delhi Capitals,Sunrisers Hyderabad,field,Delhi Capitals,,6.0,460,win,League,Mohammed Shami,True,False,Sunrisers Hyderabad,False
1082631,2017,6,Kolkata,2017-05-03,Indian Premier League,41,male,T20,T20,20,2017,club,Eden Gardens,Rising Pune Supergiants,Kolkata Knight Riders,Rising Pune Supergiants,field,Rising Pune Supergiants,,4.0,268,win,League,RA Tripathi,True,False,Kolkata Knight Riders,False
1082632,2017,6,Delhi,2017-05-04,Indian Premier League,42,male,T20,T20,20,2017,club,Feroz Shah Kotla,Delhi Capitals,Delhi Capitals,Gujarat Lions,field,Delhi Capitals,,7.0,181,win,League,RR Pant,True,False,Gujarat Lions,False
1082633,2017,6,Bangalore,2017-05-05,Indian Premier League,43,male,T20,T20,20,2017,club,M Chinnaswamy Stadium,Royal Challengers Bengaluru,Royal Challengers Bengaluru,Punjab Kings,field,Punjab Kings,19.0,,76,win,League,Sandeep Sharma,False,True,Punjab Kings,True
1082634,2017,6,Hyderabad,2017-05-06,Indian Premier League,44,male,T20,T20,20,2017,club,"Rajiv Gandhi International Stadium, Uppal",Sunrisers Hyderabad,Sunrisers Hyderabad,Rising Pune Supergiants,field,Rising Pune Supergiants,12.0,,438,win,League,JD Unadkat,False,True,Rising Pune Supergiants,True
1082635,2017,6,Delhi,2017-05-06,Indian Premier League,45,male,T20,T20,20,2017,club,Feroz Shah Kotla,Delhi Capitals,Delhi Capitals,Mumbai Indians,field,Mumbai Indians,146.0,,1035,win,League,LMP Simmons,False,True,Mumbai Indians,True
1082636,2017,6,Bangalore,2017-05-07,Indian Premier League,46,male,T20,T20,20,2017,club,M Chinnaswamy Stadium,Kolkata Knight Riders,Royal Challengers Bengaluru,Kolkata Knight Riders,field,Kolkata Knight Riders,,6.0,65,win,League,SP Narine,True,False,Royal Challengers Bengaluru,False
1082637,2017,6,Chandigarh,2017-05-07,Indian Premier League,47,male,T20,T20,20,2017,club,"Punjab Cricket Association IS Bindra Stadium, Mohali",Gujarat Lions,Punjab Kings,Gujarat Lions,field,Gujarat Lions,,6.0,50,win,League,DR Smith,True,False,Punjab Kings,False
1082638,2017,6,Hyderabad,2017-05-08,Indian Premier League,48,male,T20,T20,20,2017,club,"Rajiv Gandhi International Stadium, Uppal",Mumbai Indians,Sunrisers Hyderabad,Mumbai Indians,bat,Sunrisers Hyderabad,,7.0,13,win,League,S Dhawan,False,True,Mumbai Indians,False
1082639,2017,6,Chandigarh,2017-05-09,Indian Premier League,49,male,T20,T20,20,2017,club,"Punjab Cricket Association IS Bindra Stadium, Mohali",Kolkata Knight Riders,Punjab Kings,Kolkata Knight Riders,field,Punjab Kings,14.0,,75,win,League,MM Sharma,False,True,Punjab Kings,True
1082640,2017,6,Kanpur,2017-05-10,Indian Premier League,50,male,T20,T20,20,2017,club,Green Park,Delhi Capitals,Gujarat Lions,Delhi Capitals,field,Delhi Capitals,,2.0,389,win,League,SS Iyer,True,False,Gujarat Lions,False
1082641,2017,6,Mumbai,2017-05-11,Indian Premier League,51,male,T20,T20,20,2017,club,Wankhede Stadium,Mumbai Indians,Mumbai Indians,Punjab Kings,field,Punjab Kings,7.0,,69,win,League,WP Saha,False,True,Punjab Kings,True
1082642,2017,6,Delhi,2017-05-12,Indian Premier League,52,male,T20,T20,20,2017,club,Feroz Shah Kotla,Delhi Capitals,Delhi Capitals,Rising Pune Supergiants,bat,Delhi Capitals,7.0,,179,win,League,KK Nair,True,True,Delhi Capitals,True
1082643,2017,6,Kanpur,2017-05-13,Indian Premier League,53,male,T20,T20,20,2017,club,Green Park,Sunrisers Hyderabad,Gujarat Lions,Sunrisers Hyderabad,field,Sunrisers Hyderabad,,8.0,538,win,League,Mohammed Siraj,True,False,Gujarat Lions,False
1082644,2017,6,Kolkata,2017-05-13,Indian Premier League,54,male,T20,T20,20,2017,club,Eden Gardens,Kolkata Knight Riders,Kolkata Knight Riders,Mumbai Indians,field,Mumbai Indians,9.0,,27,win,League,AT Rayudu,False,True,Mumbai Indians,True
1082645,2017,6,Pune,2017-05-14,Indian Premier League,55,male,T20,T20,20,2017,club,Maharashtra Cricket Association Stadium,Rising Pune Supergiants,Rising Pune Supergiants,Punjab Kings,field,Rising Pune Supergiants,,9.0,438,win,League,JD Unadkat,True,False,Punjab Kings,False
1082646,2017,6,Delhi,2017-05-14,Indian Premier League,56,male,T20,T20,20,2017,club,Feroz Shah Kotla,Royal Challengers Bengaluru,Delhi Capitals,Royal Challengers Bengaluru,bat,Royal Challengers Bengaluru,10.0,,1285,win,League,HV Patel,True,True,Royal Challengers Bengaluru,True
1082647,2017,6,Mumbai,2017-05-16,Indian Premier League,0,male,T20,T20,20,2017,club,Wankhede Stadium,Mumbai Indians,Mumbai Indians,Rising Pune Supergiants,field,Rising Pune Supergiants,20.0,,613,win,League,Washington Sundar,False,True,Rising Pune Supergiants,True
1082648,2017,6,Bangalore,2017-05-17,Indian Premier League,0,male,T20,T20,20,2017,club,M Chinnaswamy Stadium,Kolkata Knight Riders,Sunrisers Hyderabad,Kolkata Knight Riders,field,Kolkata Knight Riders,,7.0,471,win,League,NM Coulter-Nile,True,False,Sunrisers Hyderabad,False
1082649,2017,6,Bangalore,2017-05-19,Indian Premier League,0,male,T20,T20,20,2017,club,M Chinnaswamy Stadium,Mumbai Indians,Mumbai Indians,Kolkata Knight Riders,field,Mumbai Indians,,6.0,676,win,League,KV Sharma,True,False,Kolkata Knight Riders,False
1082650,2017,6,Hyderabad,2017-05-21,Indian Premier League,0,male,T20,T20,20,2017,club,"Rajiv Gandhi International Stadium, Uppal",Mumbai Indians,Mumbai Indians,Rising Pune Supergiants,bat,Mumbai Indians,1.0,,28,win,League,KH Pandya,True,True,Mumbai Indians,True
1136561,2018,6,Mumbai,2018-04-07,Indian Premier League,1,male,T20,T20,20,2018,club,Wankhede Stadium,Chennai Super Kings,Mumbai Indians,Chennai Super Kings,field,Chennai Super Kings,,1.0,1393,win,League,DJ Bravo,True,False,Mumbai Indians,False
1136562,2018,6,Chandigarh,2018-04-08,Indian Premier League,2,male,T20,T20,20,2018,club,Punjab Cricket Association IS Bindra Stadium,Punjab Kings,Delhi Capitals,Punjab Kings,field,Punjab Kings,,6.0,1409,win,League,KL Rahul,True,False,Delhi Capitals,False
1136563,2018,6,Kolkata,2018-04-08,Indian Premier League,3,male,T20,T20,20,2018,club,Eden Gardens,Kolkata Knight Riders,Royal Challengers Bengaluru,Kolkata Knight Riders,field,Kolkata Knight Riders,,4.0,65,win,League,SP Narine,True,False,Royal Challengers Bengaluru,False
1136564,2018,6,Hyderabad,2018-04-09,Indian Premier League,4,male,T20,T20,20,2018,club,Rajiv Gandhi International Stadium,Sunrisers Hyderabad,Rajasthan Royals,Sunrisers Hyderabad,field,Sunrisers Hyderabad,,9.0,13,win,League,S Dhawan,True,False,Rajasthan Royals,False
1136565,2018,6,Chennai,2018-04-10,Indian Premier League,5,male,T20,T20,20,2018,club,MA Chidambaram Stadium,Chennai Super Kings,Kolkata Knight Riders,Chennai Super Kings,field,Chennai Super Kings,,5.0,178,win,League,SW Billings,True,False,Kolkata Knight Riders,False
1136566,2018,6,Jaipur,2018-04-11,Indian Premier League,6,male,T20,T20,20,2018,club,Sawai Mansingh Stadium,Delhi Capitals,Rajasthan Royals,Delhi Capitals,field,Rajasthan Royals,10.0,,180,win,League,SV Samson,False,True,Rajasthan Royals,True
1136567,2018,6,Hyderabad,2018-04-12,Indian Premier League,7,male,T20,T20,20,2018,club,Rajiv Gandhi International Stadium,Sunrisers Hyderabad,Mumbai Indians,Sunrisers Hyderabad,field,Sunrisers Hyderabad,,1.0,22,win,League,Rashid Khan,True,False,Mumbai Indians,False
1136568,2018,6,Bengaluru,2018-04-13,Indian Premier League,8,male,T20,T20,20,2018,club,M.Chinnaswamy Stadium,Royal Challengers Bengaluru,Punjab Kings,Royal Challengers Bengaluru,field,Royal Challengers Bengaluru,,4.0,318,win,League,UT Yadav,True,False,Punjab Kings,False
1136569,2018,6,Mumbai,2018-04-14,Indian Premier League,9,male,T20,T20,20,2018,club,Wankhede Stadium,Delhi Capitals,Mumbai Indians,Delhi Capitals,field,Delhi Capitals,,7.0,45,win,League,JJ Roy,True,False,Mumbai Indians,False
1136570,2018,6,Kolkata,2018-04-14,Indian Premier League,10,male,T20,T20,20,2018,club,Eden Gardens,Sunrisers Hyderabad,Kolkata Knight Riders,Sunrisers Hyderabad,field,Sunrisers Hyderabad,,5.0,176,win,League,B Stanlake,True,False,Kolkata Knight Riders,False
1136571,2018,6,Bengaluru,2018-04-15,Indian Premier League,11,male,T20,T20,20,2018,club,M.Chinnaswamy Stadium,Royal Challengers Bengaluru,Rajasthan Royals,Royal Challengers Bengaluru,field,Rajasthan Royals,19.0,,180,win,League,SV Samson,False,True,Rajasthan Royals,True
1136572,2018,6,Chandigarh,2018-04-15,Indian Premier League,12,male,T20,T20,20,2018,club,Punjab Cricket Association IS Bindra Stadium,Chennai Super Kings,Punjab Kings,Chennai Super Kings,field,Punjab Kings,4.0,,1,win,League,CH Gayle,False,True,Punjab Kings,True
1136573,2018,6,Kolkata,2018-04-16,Indian Premier League,13,male,T20,T20,20,2018,club,Eden Gardens,Delhi Capitals,Kolkata Knight Riders,Delhi Capitals,field,Kolkata Knight Riders,71.0,,26,win,League,N Rana,False,True,Kolkata Knight Riders,True
1136574,2018,6,Mumbai,2018-04-17,Indian Premier League,14,male,T20,T20,20,2018,club,Wankhede Stadium,Royal Challengers Bengaluru,Mumbai Indians,Royal Challengers Bengaluru,field,Mumbai Indians,46.0,,25,win,League,RG Sharma,False,True,Mumbai Indians,True
1136575,2018,6,Jaipur,2018-04-18,Indian Premier League,15,male,T20,T20,20,2018,club,Sawai Mansingh Stadium,Kolkata Knight Riders,Rajasthan Royals,Kolkata Knight Riders,field,Kolkata Knight Riders,,7.0,26,win,League,N Rana,True,False,Rajasthan Royals,False
1136576,2018,6,Chandigarh,2018-04-19,Indian Premier League,16,male,T20,T20,20,2018,club,Punjab Cricket Association IS Bindra Stadium,Punjab Kings,Punjab Kings,Sunrisers Hyderabad,bat,Punjab Kings,15.0,,1,win,League,CH Gayle,True,True,Punjab Kings,True
1136577,2018,6,Pune,2018-04-20,Indian Premier League,17,male,T20,T20,20,2018,club,Maharashtra Cricket Association Stadium,Rajasthan Royals,Chennai Super Kings,Rajasthan Royals,field,Chennai Super Kings,64.0,,5,win,League,SR Watson,False,True,Chennai Super Kings,True
1136578,2018,6,Kolkata,2018-04-21,Indian Premier League,18,male,T20,T20,20,2018,club,Eden Gardens,Punjab Kings,Kolkata Knight Riders,Punjab Kings,field,Punjab Kings,,9.0,1409,win,League,KL Rahul,True,False,Kolkata Knight Riders,False
1136579,2018,6,Bengaluru,2018-04-21,Indian Premier League,19,male,T20,T20,20,2018,club,M.Chinnaswamy Stadium,Royal Challengers Bengaluru,Delhi Capitals,Royal Challengers Bengaluru,field,Royal Challengers Bengaluru,,6.0,245,win,League,AB de Villiers,True,False,Delhi Capitals,False
1136580,2018,6,Hyderabad,2018-04-22,Indian Premier League,20,male,T20,T20,20,2018,club,Rajiv Gandhi International Stadium,Sunrisers Hyderabad,Chennai Super Kings,Sunrisers Hyderabad,field,Chennai Super Kings,4.0,,27,win,League,AT Rayudu,False,True,Chennai Super Kings,True
1136581,2018,6,Jaipur,2018-04-22,Indian Premier League,21,male,T20,T20,20,2018,club,Sawai Mansingh Stadium,Mumbai Indians,Mumbai Indians,Rajasthan Royals,bat,Rajasthan Royals,,3.0,1833,win,League,JC Archer,False,True,Mumbai Indians,False
1136582,2018,6,Delhi,2018-04-23,Indian Premier League,22,male,T20,T20,20,2018,club,Arun Jaitley Stadium,Delhi Capitals,Punjab Kings,Delhi Capitals,field,Punjab Kings,4.0,,219,win,League,AS Rajpoot,False,True,Punjab Kings,True
1136583,2018,6,Mumbai,2018-04-24,Indian Premier League,23,male,T20,T20,20,2018,club,Wankhede Stadium,Mumbai Indians,Sunrisers Hyderabad,Mumbai Indians,field,Sunrisers Hyderabad,31.0,,22,win,League,Rashid Khan,False,True,Sunrisers Hyderabad,True
1136584,2018,6,Bengaluru,2018-04-25,Indian Premier League,24,male,T20,T20,20,2018,club,M.Chinnaswamy Stadium,Chennai Super Kings,Royal Challengers Bengaluru,Chennai Super Kings,field,Chennai Super Kings,,5.0,38,win,League,MS Dhoni,True,False,Royal Challengers Bengaluru,False
1136585,2018,6,Hyderabad,2018-04-26,Indian Premier League,25,male,T20,T20,20,2018,club,Rajiv Gandhi International Stadium,Punjab Kings,Sunrisers Hyderabad,Punjab Kings,field,Sunrisers Hyderabad,13.0,,219,win,League,AS Rajpoot,False,True,Sunrisers Hyderabad,True
1136586,2018,6,Delhi,2018-04-27,Indian Premier League,26,male,T20,T20,20,2018,club,Arun Jaitley Stadium,Kolkata Knight Riders,Delhi Capitals,Kolkata Knight Riders,field,Delhi Capitals,55.0,,389,win,League,SS Iyer,False,True,Delhi Capitals,True
1136587,2018,6,Pune,2018-04-28,Indian Premier League,27,male,T20,T20,20,2018,club,Maharashtra Cricket Association Stadium,Mumbai Indians,Chennai Super Kings,Mumbai Indians,field,Mumbai Indians,,8.0,25,win,League,RG Sharma,True,False,Chennai Super Kings,False
1136588,2018,6,Jaipur,2018-04-29,Indian Premier League,28,male,T20,T20,20,2018,club,Sawai Mansingh Stadium,Sunrisers Hyderabad,Sunrisers Hyderabad,Rajasthan Royals,bat,Sunrisers Hyderabad,11.0,,531,win,League,KS Williamson,True,True,Sunrisers Hyderabad,True
1136589,2018,6,Bengaluru,2018-04-29,Indian Premier League,29,male,T20,T20,20,2018,club,M.Chinnaswamy Stadium,Kolkata Knight Riders,Royal Challengers Bengaluru,Kolkata Knight Riders,field,Kolkata Knight Riders,,6.0,57,win,League,CA Lynn,True,False,Royal Challengers Bengaluru,False
1136590,2018,6,Pune,2018-04-30,Indian Premier League,30,male,T20,T20,20,2018,club,Maharashtra Cricket Association Stadium,Delhi Capitals,Chennai Super Kings,Delhi Capitals,field,Chennai Super Kings,13.0,,5,win,League,SR Watson,False,True,Chennai Super Kings,True
1136591,2018,6,Bengaluru,2018-05-01,Indian Premier League,31,male,T20,T20,20,2018,club,M.Chinnaswamy Stadium,Mumbai Indians,Royal Challengers Bengaluru,Mumbai Indians,field,Royal Challengers Bengaluru,14.0,,31,win,League,TG Southee,False,True,Royal Challengers Bengaluru,True
1136592,2018,6,Delhi,2018-05-02,Indian Premier League,32,male,T20,T20,20,2018,club,Arun Jaitley Stadium,Rajasthan Royals,Delhi Capitals,Rajasthan Royals,field,Delhi Capitals,4.0,,181,win,League,RR Pant,False,True,Delhi Capitals,True
1136593,2018,6,Kolkata,2018-05-03,Indian Premier League,33,male,T20,T20,20,2018,club,Eden Gardens,Kolkata Knight Riders,Chennai Super Kings,Kolkata Knight Riders,field,Kolkata Knight Riders,,6.0,65,win,League,SP Narine,True,False,Chennai Super Kings,False
1136594,2018,6,Indore,2018-05-04,Indian Premier League,34,male,T20,T20,20,2018,club,Holkar Cricket Stadium,Mumbai Indians,Punjab Kings,Mumbai Indians,field,Mumbai Indians,,6.0,61,win,League,SA Yadav,True,False,Punjab Kings,False
1136595,2018,6,Pune,2018-05-05,Indian Premier League,35,male,T20,T20,20,2018,club,Maharashtra Cricket Association Stadium,Chennai Super Kings,Royal Challengers Bengaluru,Chennai Super Kings,field,Chennai Super Kings,,6.0,348,win,League,RA Jadeja,True,False,Royal Challengers Bengaluru,False
1136596,2018,6,Hyderabad,2018-05-05,Indian Premier League,36,male,T20,T20,20,2018,club,Rajiv Gandhi International Stadium,Delhi Capitals,Delhi Capitals,Sunrisers Hyderabad,bat,Sunrisers Hyderabad,,7.0,22,win,League,Rashid Khan,False,True,Delhi Capitals,False
1136597,2018,6,Mumbai,2018-05-06,Indian Premier League,37,male,T20,T20,20,2018,club,Wankhede Stadium,Kolkata Knight Riders,Mumbai Indians,Kolkata Knight Riders,field,Mumbai Indians,13.0,,30,win,League,HH Pandya,False,True,Mumbai Indians,True
1136598,2018,6,Indore,2018-05-06,Indian Premier League,38,male,T20,T20,20,2018,club,Holkar Cricket Stadium,Punjab Kings,Rajasthan Royals,Punjab Kings,field,Punjab Kings,,6.0,1419,win,League,Mujeeb Ur Rahman,True,False,Rajasthan Royals,False
1136599,2018,6,Hyderabad,2018-05-07,Indian Premier League,39,male,T20,T20,20,2018,club,Rajiv Gandhi International Stadium,Royal Challengers Bengaluru,Sunrisers Hyderabad,Royal Challengers Bengaluru,field,Sunrisers Hyderabad,5.0,,531,win,League,KS Williamson,False,True,Sunrisers Hyderabad,True
1136600,2018,6,Jaipur,2018-05-08,Indian Premier League,40,male,T20,T20,20,2018,club,Sawai Mansingh Stadium,Rajasthan Royals,Rajasthan Royals,Punjab Kings,bat,Rajasthan Royals,15.0,,24,win,League,JC Buttler,True,True,Rajasthan Royals,True
1136601,2018,6,Kolkata,2018-05-09,Indian Premier League,41,male,T20,T20,20,2018,club,Eden Gardens,Kolkata Knight Riders,Mumbai Indians,Kolkata Knight Riders,field,Mumbai Indians,102.0,,347,win,League,Ishan Kishan,False,True,Mumbai Indians,True
1136602,2018,6,Delhi,2018-05-10,Indian Premier League,42,male,T20,T20,20,2018,club,Arun Jaitley Stadium,Delhi Capitals,Delhi Capitals,Sunrisers Hyderabad,bat,Sunrisers Hyderabad,,9.0,13,win,League,S Dhawan,False,True,Delhi Capitals,False
1136603,2018,6,Jaipur,2018-05-11,Indian Premier League,43,male,T20,T20,20,2018,club,Sawai Mansingh Stadium,Chennai Super Kings,Chennai Super Kings,Rajasthan Royals,bat,Rajasthan Royals,,4.0,24,win,League,JC Buttler,False,True,Chennai Super Kings,False
1136604,2018,6,Indore,2018-05-12,Indian Premier League,44,male,T20,T20,20,2018,club,Holkar Cricket Stadium,Punjab Kings,Kolkata Knight Riders,Punjab Kings,field,Kolkata Knight Riders,31.0,,65,win,League,SP Narine,False,True,Kolkata Knight Riders,True
1136605,2018,6,Delhi,2018-05-12,Indian Premier League,45,male,T20,T20,20,2018,club,Arun Jaitley Stadium,Royal Challengers Bengaluru,Delhi Capitals,Royal Challengers Bengaluru,field,Royal Challengers Bengaluru,,5.0,245,win,League,AB de Villiers,True,False,Delhi Capitals,False
1136606,2018,6,Pune,2018-05-13,Indian Premier League,46,male,T20,T20,20,2018,club,Maharashtra Cricket Association Stadium,Chennai Super Kings,Sunrisers Hyderabad,Chennai Super Kings,field,Chennai Super Kings,,8.0,27,win,League,AT Rayudu,True,False,Sunrisers Hyderabad,False
1136607,2018,6,Mumbai,2018-05-13,Indian Premier League,47,male,T20,T20,20,2018,club,Wankhede Stadium,Rajasthan Royals,Mumbai Indians,Rajasthan Royals,field,Rajasthan Royals,,7.0,24,win,League,JC Buttler,True,False,Mumbai Indians,False
1136608,2018,6,Indore,2018-05-14,Indian Premier League,48,male,T20,T20,20,2018,club,Holkar Cricket Stadium,Royal Challengers Bengaluru,Punjab Kings,Royal Challengers Bengaluru,field,Royal Challengers Bengaluru,,10.0,318,win,League,UT Yadav,True,False,Punjab Kings,False
1136609,2018,6,Kolkata,2018-05-15,Indian Premier League,49,male,T20,T20,20,2018,club,Eden Gardens,Kolkata Knight Riders,Rajasthan Royals,Kolkata Knight Riders,field,Kolkata Knight Riders,,6.0,64,win,League,Kuldeep Yadav,True,False,Rajasthan Royals,False
1136610,2018,6,Mumbai,2018-05-16,Indian Premier League,50,male,T20,T20,20,2018,club,Wankhede Stadium,Punjab Kings,Mumbai Indians,Punjab Kings,field,Mumbai Indians,3.0,,33,win,League,JJ Bumrah,False,True,Mumbai Indians,True
1136611,2018,6,Bengaluru,2018-05-17,Indian Premier League,51,male,T20,T20,20,2018,club,M.Chinnaswamy Stadium,Sunrisers Hyderabad,Royal Challengers Bengaluru,Sunrisers Hyderabad,field,Royal Challengers Bengaluru,14.0,,245,win,League,AB de Villiers,False,True,Royal Challengers Bengaluru,True
1136612,2018,6,Delhi,2018-05-18,Indian Premier League,52,male,T20,T20,20,2018,club,Arun Jaitley Stadium,Chennai Super Kings,Delhi Capitals,Chennai Super Kings,field,Delhi Capitals,34.0,,1285,win,League,HV Patel,False,True,Delhi Capitals,True
1136613,2018,6,Jaipur,2018-05-19,Indian Premier League,53,male,T20,T20,20,2018,club,Sawai Mansingh Stadium,Rajasthan Royals,Rajasthan Royals,Royal Challengers Bengaluru,bat,Rajasthan Royals,30.0,,1449,win,League,S Gopal,True,True,Rajasthan Royals,True
1136614,2018,6,Hyderabad,2018-05-19,Indian Premier League,54,male,T20,T20,20,2018,club,Rajiv Gandhi International Stadium,Sunrisers Hyderabad,Sunrisers Hyderabad,Kolkata Knight Riders,bat,Kolkata Knight Riders,,5.0,57,win,League,CA Lynn,False,True,Sunrisers Hyderabad,False
1136615,2018,6,Delhi,2018-05-20,Indian Premier League,55,male,T20,T20,20,2018,club,Arun Jaitley Stadium,Delhi Capitals,Delhi Capitals,Mumbai Indians,bat,Delhi Capitals,11.0,,185,win,League,A Mishra,True,True,Delhi Capitals,True
1136616,2018,6,Pune,2018-05-20,Indian Premier League,56,male,T20,T20,20,2018,club,Maharashtra Cricket Association Stadium,Chennai Super Kings,Punjab Kings,Chennai Super Kings,field,Chennai Super Kings,,5.0,2024,win,League,L Ngidi,True,False,Punjab Kings,False
1136617,2018,6,Mumbai,2018-05-22,Indian Premier League,0,male,T20,T20,20,2018,club,Wankhede Stadium,Chennai Super Kings,Sunrisers Hyderabad,Chennai Super Kings,field,Chennai Super Kings,,2.0,267,win,League,F du Plessis,True,False,Sunrisers Hyderabad,False
1136618,2018,6,Kolkata,2018-05-23,Indian Premier League,0,male,T20,T20,20,2018,club,Eden Gardens,Rajasthan Royals,Kolkata Knight Riders,Rajasthan Royals,field,Kolkata Knight Riders,25.0,,1437,win,League,AD Russell,False,True,Kolkata Knight Riders,True
1136619,2018,6,Kolkata,2018-05-25,Indian Premier League,0,male,T20,T20,20,2018,club,Eden Gardens,Kolkata Knight Riders,Sunrisers Hyderabad,Kolkata Knight Riders,field,Sunrisers Hyderabad,14.0,,22,win,League,Rashid Khan,False,True,Sunrisers Hyderabad,True
1136620,2018,6,Mumbai,2018-05-27,Indian Premier League,0,male,T20,T20,20,2018,club,Wankhede Stadium,Chennai Super Kings,Sunrisers Hyderabad,Chennai Super Kings,field,Chennai Super Kings,,8.0,5,win,League,SR Watson,True,False,Sunrisers Hyderabad,False
1175356,2019,6,Chennai,2019-03-23,Indian Premier League,1,male,T20,T20,20,2019,club,MA Chidambaram Stadium,Chennai Super Kings,Royal Challengers Bengaluru,Chennai Super Kings,field,Chennai Super Kings,,7.0,228,win,League,Harbhajan Singh,True,False,Royal Challengers Bengaluru,False
1175357,2019,6,Kolkata,2019-03-24,Indian Premier League,2,male,T20,T20,20,2019,club,Eden Gardens,Kolkata Knight Riders,Sunrisers Hyderabad,Kolkata Knight Riders,field,Kolkata Knight Riders,,6.0,1437,win,League,AD Russell,True,False,Sunrisers Hyderabad,False
1175358,2019,6,Mumbai,2019-03-24,Indian Premier League,3,male,T20,T20,20,2019,club,Wankhede Stadium,Mumbai Indians,Delhi Capitals,Mumbai Indians,field,Delhi Capitals,37.0,,181,win,League,RR Pant,False,True,Delhi Capitals,True
1175359,2019,6,Jaipur,2019-03-25,Indian Premier League,4,male,T20,T20,20,2019,club,Sawai Mansingh Stadium,Rajasthan Royals,Punjab Kings,Rajasthan Royals,field,Punjab Kings,14.0,,1,win,League,CH Gayle,False,True,Punjab Kings,True
1175360,2019,6,Delhi,2019-03-26,Indian Premier League,5,male,T20,T20,20,2019,club,Arun Jaitley Stadium,Delhi Capitals,Delhi Capitals,Chennai Super Kings,bat,Chennai Super Kings,,6.0,5,win,League,SR Watson,False,True,Delhi Capitals,False
1175361,2019,6,Kolkata,2019-03-27,Indian Premier League,6,male,T20,T20,20,2019,club,Eden Gardens,Punjab Kings,Kolkata Knight Riders,Punjab Kings,field,Kolkata Knight Riders,28.0,,1437,win,League,AD Russell,False,True,Kolkata Knight Riders,True
1175362,2019,6,Bengaluru,2019-03-28,Indian Premier League,7,male,T20,T20,20,2019,club,M.Chinnaswamy Stadium,Royal Challengers Bengaluru,Mumbai Indians,Royal Challengers Bengaluru,field,Mumbai Indians,6.0,,33,win,League,JJ Bumrah,False,True,Mumbai Indians,True
1175363,2019,6,Hyderabad,2019-03-29,Indian Premier League,8,male,T20,T20,20,2019,club,Rajiv Gandhi International Stadium,Rajasthan Royals,Rajasthan Royals,Sunrisers Hyderabad,bat,Sunrisers Hyderabad,,5.0,22,win,League,Rashid Khan,False,True,Rajasthan Royals,False
1175364,2019,6,Chandigarh,2019-03-30,Indian Premier League,9,male,T20,T20,20,2019,club,Punjab Cricket Association IS Bindra Stadium,Punjab Kings,Mumbai Indians,Punjab Kings,field,Punjab Kings,,8.0,35,win,League,MA Agarwal,True,False,Mumbai Indians,False
1175365,2019,6,Delhi,2019-03-30,Indian Premier League,10,male,T20,T20,20,2019,club,Arun Jaitley Stadium,Delhi Capitals,Kolkata Knight Riders,Delhi Capitals,field,Delhi Capitals,,,1849,tie,League,PP Shaw,True,False,Kolkata Knight Riders,False
1175366,2019,6,Hyderabad,2019-03-31,Indian Premier League,11,male,T20,T20,20,2019,club,Rajiv Gandhi International Stadium,Royal Challengers Bengaluru,Sunrisers Hyderabad,Royal Challengers Bengaluru,field,Sunrisers Hyderabad,118.0,,2719,win,League,JM Bairstow,False,True,Sunrisers Hyderabad,True
1175367,2019,6,Chennai,2019-03-31,Indian Premier League,12,male,T20,T20,20,2019,club,MA Chidambaram Stadium,Rajasthan Royals,Chennai Super Kings,Rajasthan Royals,field,Chennai Super Kings,8.0,,38,win,League,MS Dhoni,False,True,Chennai Super Kings,True
1175368,2019,6,Chandigarh,2019-04-01,Indian Premier League,13,male,T20,T20,20,2019,club,Punjab Cricket Association IS Bindra Stadium,Delhi Capitals,Punjab Kings,Delhi Capitals,field,Punjab Kings,14.0,,2768,win,League,SM Curran,False,True,Punjab Kings,True
1175369,2019,6,Jaipur,2019-04-02,Indian Premier League,14,male,T20,T20,20,2019,club,Sawai Mansingh Stadium,Rajasthan Royals,Royal Challengers Bengaluru,Rajasthan Royals,field,Rajasthan Royals,,7.0,1449,win,League,S Gopal,True,False,Royal Challengers Bengaluru,False
1175370,2019,6,Mumbai,2019-04-03,Indian Premier League,15,male,T20,T20,20,2019,club,Wankhede Stadium,Chennai Super Kings,Mumbai Indians,Chennai Super Kings,field,Mumbai Indians,37.0,,30,win,League,HH Pandya,False,True,Mumbai Indians,True
1175371,2019,6,Delhi,2019-04-04,Indian Premier League,16,male,T20,T20,20,2019,club,Arun Jaitley Stadium,Sunrisers Hyderabad,Delhi Capitals,Sunrisers Hyderabad,field,Sunrisers Hyderabad,,5.0,2719,win,League,JM Bairstow,True,False,Delhi Capitals,False
1175372,2019,6,Bengaluru,2019-04-05,Indian Premier League,17,male,T20,T20,20,2019,club,M.Chinnaswamy Stadium,Kolkata Knight Riders,Royal Challengers Bengaluru,Kolkata Knight Riders,field,Kolkata Knight Riders,,5.0,1437,win,League,AD Russell,True,False,Royal Challengers Bengaluru,False
1178393,2019,6,Chennai,2019-04-06,Indian Premier League,18,male,T20,T20,20,2019,club,MA Chidambaram Stadium,Chennai Super Kings,Chennai Super Kings,Punjab Kings,bat,Chennai Super Kings,22.0,,228,win,League,Harbhajan Singh,True,True,Chennai Super Kings,True
1178394,2019,6,Hyderabad,2019-04-06,Indian Premier League,19,male,T20,T20,20,2019,club,Rajiv Gandhi International Stadium,Sunrisers Hyderabad,Mumbai Indians,Sunrisers Hyderabad,field,Mumbai Indians,40.0,,3100,win,League,AS Joseph,False,True,Mumbai Indians,True
1178395,2019,6,Bengaluru,2019-04-07,Indian Premier League,20,male,T20,T20,20,2019,club,M.Chinnaswamy Stadium,Delhi Capitals,Royal Challengers Bengaluru,Delhi Capitals,field,Delhi Capitals,,4.0,590,win,League,K Rabada,True,False,Royal Challengers Bengaluru,False
1178396,2019,6,Jaipur,2019-04-07,Indian Premier League,21,male,T20,T20,20,2019,club,Sawai Mansingh Stadium,Kolkata Knight Riders,Rajasthan Royals,Kolkata Knight Riders,field,Kolkata Knight Riders,,8.0,3156,win,League,HF Gurney,True,False,Rajasthan Royals,False
1178397,2019,6,Chandigarh,2019-04-08,Indian Premier League,22,male,T20,T20,20,2019,club,Punjab Cricket Association IS Bindra Stadium,Punjab Kings,Sunrisers Hyderabad,Punjab Kings,field,Punjab Kings,,6.0,1409,win,League,KL Rahul,True,False,Sunrisers Hyderabad,False
1178398,2019,6,Chennai,2019-04-09,Indian Premier League,23,male,T20,T20,20,2019,club,MA Chidambaram Stadium,Chennai Super Kings,Kolkata Knight Riders,Chennai Super Kings,field,Chennai Super Kings,,7.0,41,win,League,DL Chahar,True,False,Kolkata Knight Riders,False
1178399,2019,6,Mumbai,2019-04-10,Indian Premier League,24,male,T20,T20,20,2019,club,Wankhede Stadium,Mumbai Indians,Punjab Kings,Mumbai Indians,field,Mumbai Indians,,3.0,29,win,League,KA Pollard,True,False,Punjab Kings,False
1178400,2019,6,Jaipur,2019-04-11,Indian Premier League,25,male,T20,T20,20,2019,club,Sawai Mansingh Stadium,Chennai Super Kings,Rajasthan Royals,Chennai Super Kings,field,Chennai Super Kings,,4.0,38,win,League,MS Dhoni,True,False,Rajasthan Royals,False
1178401,2019,6,Kolkata,2019-04-12,Indian Premier League,26,male,T20,T20,20,2019,club,Eden Gardens,Delhi Capitals,Kolkata Knight Riders,Delhi Capitals,field,Delhi Capitals,,7.0,13,win,League,S Dhawan,True,False,Kolkata Knight Riders,False
1178402,2019,6,Mumbai,2019-04-13,Indian Premier League,27,male,T20,T20,20,2019,club,Wankhede Stadium,Rajasthan Royals,Mumbai Indians,Rajasthan Royals,field,Rajasthan Royals,,4.0,24,win,League,JC Buttler,True,False,Mumbai Indians,False
1178403,2019,6,Chandigarh,2019-04-13,Indian Premier League,28,male,T20,T20,20,2019,club,Punjab Cricket Association IS Bindra Stadium,Royal Challengers Bengaluru,Punjab Kings,Royal Challengers Bengaluru,field,Royal Challengers Bengaluru,,8.0,245,win,League,AB de Villiers,True,False,Punjab Kings,False
1178404,2019,6,Kolkata,2019-04-14,Indian Premier League,29,male,T20,T20,20,2019,club,Eden Gardens,Chennai Super Kings,Kolkata Knight Riders,Chennai Super Kings,field,Chennai Super Kings,,5.0,44,win,League,Imran Tahir,True,False,Kolkata Knight Riders,False
1178405,2019,6,Hyderabad,2019-04-14,Indian Premier League,30,male,T20,T20,20,2019,club,Rajiv Gandhi International Stadium,Sunrisers Hyderabad,Delhi Capitals,Sunrisers Hyderabad,field,Delhi Capitals,39.0,,2745,win,League,KMA Paul,False,True,Delhi Capitals,True
1178406,2019,6,Mumbai,2019-04-15,Indian Premier League,31,male,T20,T20,20,2019,club,Wankhede Stadium,Mumbai Indians,Royal Challengers Bengaluru,Mumbai Indians,field,Mumbai Indians,,5.0,230,win,League,SL Malinga,True,False,Royal Challengers Bengaluru,False
1178407,2019,6,Chandigarh,2019-04-16,Indian Premier League,32,male,T20,T20,20,2019,club,Punjab Cricket Association IS Bindra Stadium,Rajasthan Royals,Punjab Kings,Rajasthan Royals,field,Punjab Kings,12.0,,1416,win,League,R Ashwin,False,True,Punjab Kings,True
1178408,2019,6,Hyderabad,2019-04-17,Indian Premier League,33,male,T20,T20,20,2019,club,Rajiv Gandhi International Stadium,Chennai Super Kings,Chennai Super Kings,Sunrisers Hyderabad,bat,Sunrisers Hyderabad,,6.0,12,win,League,DA Warner,False,True,Chennai Super Kings,False
1178409,2019,6,Delhi,2019-04-18,Indian Premier League,34,male,T20,T20,20,2019,club,Arun Jaitley Stadium,Mumbai Indians,Mumbai Indians,Delhi Capitals,bat,Mumbai Indians,40.0,,30,win,League,HH Pandya,True,True,Mumbai Indians,True
1178410,2019,6,Kolkata,2019-04-19,Indian Premier League,35,male,T20,T20,20,2019,club,Eden Gardens,Kolkata Knight Riders,Royal Challengers Bengaluru,Kolkata Knight Riders,field,Royal Challengers Bengaluru,10.0,,332,win,League,V Kohli,False,True,Royal Challengers Bengaluru,True
1178411,2019,6,Jaipur,2019-04-20,Indian Premier League,36,male,T20,T20,20,2019,club,Sawai Mansingh Stadium,Rajasthan Royals,Mumbai Indians,Rajasthan Royals,field,Rajasthan Royals,,5.0,36,win,League,SPD Smith,True,False,Mumbai Indians,False
1178412,2019,6,Delhi,2019-04-20,Indian Premier League,37,male,T20,T20,20,2019,club,Arun Jaitley Stadium,Delhi Capitals,Punjab Kings,Delhi Capitals,field,Delhi Capitals,,5.0,389,win,League,SS Iyer,True,False,Punjab Kings,False
1178413,2019,6,Hyderabad,2019-04-21,Indian Premier League,38,male,T20,T20,20,2019,club,Rajiv Gandhi International Stadium,Sunrisers Hyderabad,Kolkata Knight Riders,Sunrisers Hyderabad,field,Sunrisers Hyderabad,,9.0,2662,win,League,KK Ahmed,True,False,Kolkata Knight Riders,False
1178414,2019,6,Bengaluru,2019-04-21,Indian Premier League,39,male,T20,T20,20,2019,club,M.Chinnaswamy Stadium,Chennai Super Kings,Royal Challengers Bengaluru,Chennai Super Kings,field,Royal Challengers Bengaluru,1.0,,23,win,League,PA Patel,False,True,Royal Challengers Bengaluru,True
1178415,2019,6,Jaipur,2019-04-22,Indian Premier League,40,male,T20,T20,20,2019,club,Sawai Mansingh Stadium,Delhi Capitals,Rajasthan Royals,Delhi Capitals,field,Delhi Capitals,,6.0,181,win,League,RR Pant,True,False,Rajasthan Royals,False
1178416,2019,6,Chennai,2019-04-23,Indian Premier League,41,male,T20,T20,20,2019,club,MA Chidambaram Stadium,Chennai Super Kings,Sunrisers Hyderabad,Chennai Super Kings,field,Chennai Super Kings,,6.0,5,win,League,SR Watson,True,False,Sunrisers Hyderabad,False
1178417,2019,6,Bengaluru,2019-04-24,Indian Premier League,42,male,T20,T20,20,2019,club,M.Chinnaswamy Stadium,Punjab Kings,Royal Challengers Bengaluru,Punjab Kings,field,Royal Challengers Bengaluru,17.0,,245,win,League,AB de Villiers,False,True,Royal Challengers Bengaluru,True
1178418,2019,6,Kolkata,2019-04-25,Indian Premier League,43,male,T20,T20,20,2019,club,Eden Gardens,Rajasthan Royals,Kolkata Knight Riders,Rajasthan Royals,field,Rajasthan Royals,,3.0,241,win,League,VR Aaron,True,False,Kolkata Knight Riders,False
1178419,2019,6,Chennai,2019-04-26,Indian Premier League,44,male,T20,T20,20,2019,club,MA Chidambaram Stadium,Chennai Super Kings,Mumbai Indians,Chennai Super Kings,field,Mumbai Indians,46.0,,25,win,League,RG Sharma,False,True,Mumbai Indians,True
1178420,2019,6,Jaipur,2019-04-27,Indian Premier League,45,male,T20,T20,20,2019,club,Sawai Mansingh Stadium,Rajasthan Royals,Sunrisers Hyderabad,Rajasthan Royals,field,Rajasthan Royals,,7.0,438,win,League,JD Unadkat,True,False,Sunrisers Hyderabad,False
1178421,2019,6,Delhi,2019-04-28,Indian Premier League,46,male,T20,T20,20,2019,club,Arun Jaitley Stadium,Delhi Capitals,Delhi Capitals,Royal Challengers Bengaluru,bat,Delhi Capitals,16.0,,13,win,League,S Dhawan,True,True,Delhi Capitals,True
1178422,2019,6,Kolkata,2019-04-28,Indian Premier League,47,male,T20,T20,20,2019,club,Eden Gardens,Mumbai Indians,Kolkata Knight Riders,Mumbai Indians,field,Kolkata Knight Riders,34.0,,1437,win,League,AD Russell,False,True,Kolkata Knight Riders,True
1178423,2019,6,Hyderabad,2019-04-29,Indian Premier League,48,male,T20,T20,20,2019,club,Rajiv Gandhi International Stadium,Punjab Kings,Sunrisers Hyderabad,Punjab Kings,field,Sunrisers Hyderabad,45.0,,12,win,League,DA Warner,False,True,Sunrisers Hyderabad,True
1178424,2019,6,Bengaluru,2019-04-30,Indian Premier League,49,male,T20,T20,20,2019,club,M.Chinnaswamy Stadium,Rajasthan Royals,Royal Challengers Bengaluru,Rajasthan Royals,field,,,,nan,no result,League,,False,True,Royal Challengers Bengaluru,False
1178425,2019,6,Chennai,2019-05-01,Indian Premier League,50,male,T20,T20,20,2019,club,MA Chidambaram Stadium,Delhi Capitals,Chennai Super Kings,Delhi Capitals,field,Chennai Super Kings,80.0,,38,win,League,MS Dhoni,False,True,Chennai Super Kings,True
1178426,2019,6,Mumbai,2019-05-02,Indian Premier League,51,male,T20,T20,20,2019,club,Wankhede Stadium,Mumbai Indians,Mumbai Indians,Sunrisers Hyderabad,bat,Sunrisers Hyderabad,,,33,tie,League,JJ Bumrah,False,True,Mumbai Indians,False
1178427,2019,6,Chandigarh,2019-05-03,Indian Premier League,52,male,T20,T20,20,2019,club,Punjab Cricket Association IS Bindra Stadium,Kolkata Knight Riders,Punjab Kings,Kolkata Knight Riders,field,Kolkata Knight Riders,,7.0,1580,win,League,Shubman Gill,True,False,Punjab Kings,False
1178428,2019,6,Delhi,2019-05-04,Indian Premier League,53,male,T20,T20,20,2019,club,Arun Jaitley Stadium,Rajasthan Royals,Rajasthan Royals,Delhi Capitals,bat,Delhi Capitals,,5.0,185,win,League,A Mishra,False,True,Rajasthan Royals,False
1178429,2019,6,Bengaluru,2019-05-04,Indian Premier League,54,male,T20,T20,20,2019,club,M.Chinnaswamy Stadium,Royal Challengers Bengaluru,Sunrisers Hyderabad,Royal Challengers Bengaluru,field,Royal Challengers Bengaluru,,4.0,2700,win,League,SO Hetmyer,True,False,Sunrisers Hyderabad,False
1178430,2019,6,Chandigarh,2019-05-05,Indian Premier League,55,male,T20,T20,20,2019,club,Punjab Cricket Association IS Bindra Stadium,Punjab Kings,Chennai Super Kings,Punjab Kings,field,Punjab Kings,,6.0,1409,win,League,KL Rahul,True,False,Chennai Super Kings,False
1178431,2019,6,Mumbai,2019-05-05,Indian Premier League,56,male,T20,T20,20,2019,club,Wankhede Stadium,Mumbai Indians,Kolkata Knight Riders,Mumbai Indians,field,Mumbai Indians,,9.0,30,win,League,HH Pandya,True,False,Kolkata Knight Riders,False
1181764,2019,6,Chennai,2019-05-07,Indian Premier League,0,male,T20,T20,20,2019,club,MA Chidambaram Stadium,Chennai Super Kings,Chennai Super Kings,Mumbai Indians,bat,Mumbai Indians,,6.0,61,win,League,SA Yadav,False,True,Chennai Super Kings,False
1181766,2019,6,Visakhapatnam,2019-05-08,Indian Premier League,0,male,T20,T20,20,2019,club,Dr. Y.S. Rajasekhara Reddy ACA-VDCA Cricket Stadium,Delhi Capitals,Sunrisers Hyderabad,Delhi Capitals,field,Delhi Capitals,,2.0,181,win,League,RR Pant,True,False,Sunrisers Hyderabad,False
1181767,2019,6,Visakhapatnam,2019-05-10,Indian Premier League,0,male,T20,T20,20,2019,club,Dr. Y.S. Rajasekhara Reddy ACA-VDCA Cricket Stadium,Chennai Super Kings,Delhi Capitals,Chennai Super Kings,field,Chennai Super Kings,,6.0,267,win,League,F du Plessis,True,False,Delhi Capitals,False
1181768,2019,6,Hyderabad,2019-05-12,Indian Premier League,0,male,T20,T20,20,2019,club,Rajiv Gandhi International Stadium,Mumbai Indians,Mumbai Indians,Chennai Super Kings,bat,Mumbai Indians,1.0,,33,win,League,JJ Bumrah,True,True,Mumbai Indians,True
1216492,2020,6,Abu Dhabi,2020-09-19,Indian Premier League,1,male,T20,T20,20,2020,club,Sheikh Zayed Stadium,Chennai Super Kings,Mumbai Indians,Chennai Super Kings,field,Chennai Super Kings,,5.0,27,win,League,AT Rayudu,True,False,Mumbai Indians,False
1216493,2020,6,,2020-09-20,Indian Premier League,2,male,T20,T20,20,2020,club,Dubai International Cricket Stadium,Punjab Kings,Delhi Capitals,Punjab Kings,field,Punjab Kings,,,73,tie,League,MP Stoinis,True,False,Delhi Capitals,False
1216494,2020,6,Abu Dhabi,2020-10-21,Indian Premier League,39,male,T20,T20,20,2020,club,Sheikh Zayed Stadium,Kolkata Knight Riders,Kolkata Knight Riders,Royal Challengers Bengaluru,bat,Royal Challengers Bengaluru,,8.0,538,win,League,Mohammed Siraj,False,True,Kolkata Knight Riders,False
1216495,2020,6,,2020-11-03,Indian Premier League,56,male,T20,T20,20,2020,club,Sharjah Cricket Stadium,Sunrisers Hyderabad,Mumbai Indians,Sunrisers Hyderabad,field,Sunrisers Hyderabad,,10.0,186,win,League,S Nadeem,True,False,Mumbai Indians,False
1216496,2020,6,,2020-09-22,Indian Premier League,4,male,T20,T20,20,2020,club,Sharjah Cricket Stadium,Chennai Super Kings,Rajasthan Royals,Chennai Super Kings,field,Rajasthan Royals,16.0,,180,win,League,SV Samson,False,True,Rajasthan Royals,True
1216497,2020,6,Abu Dhabi,2020-10-24,Indian Premier League,42,male,T20,T20,20,2020,club,Sheikh Zayed Stadium,Delhi Capitals,Kolkata Knight Riders,Delhi Capitals,field,Kolkata Knight Riders,59.0,,2825,win,League,CV Varun,False,True,Kolkata Knight Riders,True
1216498,2020,6,,2020-10-24,Indian Premier League,43,male,T20,T20,20,2020,club,Dubai International Cricket Stadium,Sunrisers Hyderabad,Punjab Kings,Sunrisers Hyderabad,field,Punjab Kings,12.0,,1327,win,League,CJ Jordan,False,True,Punjab Kings,True
1216499,2020,6,Abu Dhabi,2020-10-28,Indian Premier League,48,male,T20,T20,20,2020,club,Sheikh Zayed Stadium,Mumbai Indians,Royal Challengers Bengaluru,Mumbai Indians,field,Mumbai Indians,,5.0,61,win,League,SA Yadav,True,False,Royal Challengers Bengaluru,False
1216500,2020,6,,2020-10-09,Indian Premier League,23,male,T20,T20,20,2020,club,Sharjah Cricket Stadium,Rajasthan Royals,Delhi Capitals,Rajasthan Royals,field,Delhi Capitals,46.0,,1416,win,League,R Ashwin,False,True,Delhi Capitals,True
1216501,2020,6,Abu Dhabi,2020-10-07,Indian Premier League,21,male,T20,T20,20,2020,club,Sheikh Zayed Stadium,Kolkata Knight Riders,Kolkata Knight Riders,Chennai Super Kings,bat,Kolkata Knight Riders,10.0,,268,win,League,RA Tripathi,True,True,Kolkata Knight Riders,True
1216502,2020,6,,2020-10-31,Indian Premier League,52,male,T20,T20,20,2020,club,Sharjah Cricket Stadium,Sunrisers Hyderabad,Royal Challengers Bengaluru,Sunrisers Hyderabad,field,Sunrisers Hyderabad,,5.0,76,win,League,Sandeep Sharma,True,False,Royal Challengers Bengaluru,False
1216503,2020,6,Abu Dhabi,2020-10-01,Indian Premier League,13,male,T20,T20,20,2020,club,Sheikh Zayed Stadium,Punjab Kings,Mumbai Indians,Punjab Kings,field,Mumbai Indians,48.0,,29,win,League,KA Pollard,False,True,Mumbai Indians,True
1216504,2020,6,,2020-09-30,Indian Premier League,12,male,T20,T20,20,2020,club,Dubai International Cricket Stadium,Rajasthan Royals,Kolkata Knight Riders,Rajasthan Royals,field,Kolkata Knight Riders,37.0,,1581,win,League,Shivam Mavi,False,True,Kolkata Knight Riders,True
1216505,2020,6,Abu Dhabi,2020-11-02,Indian Premier League,55,male,T20,T20,20,2020,club,Sheikh Zayed Stadium,Delhi Capitals,Royal Challengers Bengaluru,Delhi Capitals,field,Delhi Capitals,,6.0,4047,win,League,A Nortje,True,False,Royal Challengers Bengaluru,False
1216506,2020,6,Abu Dhabi,2020-11-01,Indian Premier League,53,male,T20,T20,20,2020,club,Sheikh Zayed Stadium,Chennai Super Kings,Punjab Kings,Chennai Super Kings,field,Chennai Super Kings,,9.0,4119,win,League,RD Gaikwad,True,False,Punjab Kings,False
1216507,2020,6,,2020-10-11,Indian Premier League,26,male,T20,T20,20,2020,club,Dubai International Cricket Stadium,Sunrisers Hyderabad,Sunrisers Hyderabad,Rajasthan Royals,bat,Rajasthan Royals,,5.0,1119,win,League,R Tewatia,False,True,Sunrisers Hyderabad,False
1216508,2020,6,Abu Dhabi,2020-09-23,Indian Premier League,5,male,T20,T20,20,2020,club,Sheikh Zayed Stadium,Kolkata Knight Riders,Mumbai Indians,Kolkata Knight Riders,field,Mumbai Indians,49.0,,25,win,League,RG Sharma,False,True,Mumbai Indians,True
1216509,2020,6,,2020-10-17,Indian Premier League,34,male,T20,T20,20,2020,club,Sharjah Cricket Stadium,Chennai Super Kings,Chennai Super Kings,Delhi Capitals,bat,Delhi Capitals,,5.0,13,win,League,S Dhawan,False,True,Chennai Super Kings,False
1216510,2020,6,,2020-09-24,Indian Premier League,6,male,T20,T20,20,2020,club,Dubai International Cricket Stadium,Royal Challengers Bengaluru,Punjab Kings,Royal Challengers Bengaluru,field,Punjab Kings,97.0,,1409,win,League,KL Rahul,False,True,Punjab Kings,True
1216511,2020,6,Abu Dhabi,2020-10-06,Indian Premier League,20,male,T20,T20,20,2020,club,Sheikh Zayed Stadium,Mumbai Indians,Mumbai Indians,Rajasthan Royals,bat,Mumbai Indians,57.0,,61,win,League,SA Yadav,True,True,Mumbai Indians,True
1216512,2020,6,Abu Dhabi,2020-10-18,Indian Premier League,35,male,T20,T20,20,2020,club,Sheikh Zayed Stadium,Sunrisers Hyderabad,Kolkata Knight Riders,Sunrisers Hyderabad,field,Sunrisers Hyderabad,,,361,tie,League,LH Ferguson,True,False,Kolkata Knight Riders,False
1216513,2020,6,,2020-10-04,Indian Premier League,18,male,T20,T20,20,2020,club,Dubai International Cricket Stadium,Punjab Kings,Punjab Kings,Chennai Super Kings,bat,Chennai Super Kings,,10.0,5,win,League,SR Watson,False,True,Punjab Kings,False
1216514,2020,6,Abu Dhabi,2020-10-03,Indian Premier League,15,male,T20,T20,20,2020,club,Sheikh Zayed Stadium,Rajasthan Royals,Rajasthan Royals,Royal Challengers Bengaluru,bat,Royal Challengers Bengaluru,,8.0,10,win,League,YS Chahal,False,True,Rajasthan Royals,False
1216515,2020,6,,2020-10-03,Indian Premier League,16,male,T20,T20,20,2020,club,Sharjah Cricket Stadium,Kolkata Knight Riders,Delhi Capitals,Kolkata Knight Riders,field,Delhi Capitals,18.0,,389,win,League,SS Iyer,False,True,Delhi Capitals,True
1216516,2020,6,,2020-10-02,Indian Premier League,14,male,T20,T20,20,2020,club,Dubai International Cricket Stadium,Sunrisers Hyderabad,Sunrisers Hyderabad,Chennai Super Kings,bat,Sunrisers Hyderabad,7.0,,4097,win,League,PK Garg,True,True,Sunrisers Hyderabad,True
1216517,2020,6,,2020-10-18,Indian Premier League,36,male,T20,T20,20,2020,club,Dubai International Cricket Stadium,Mumbai Indians,Mumbai Indians,Punjab Kings,bat,Punjab Kings,,,1409,tie,League,KL Rahul,False,True,Mumbai Indians,False
1216518,2020,6,,2020-10-22,Indian Premier League,40,male,T20,T20,20,2020,club,Dubai International Cricket Stadium,Sunrisers Hyderabad,Rajasthan Royals,Sunrisers Hyderabad,field,Sunrisers Hyderabad,,8.0,59,win,League,MK Pandey,True,False,Rajasthan Royals,False
1216519,2020,6,,2020-10-05,Indian Premier League,19,male,T20,T20,20,2020,club,Dubai International Cricket Stadium,Royal Challengers Bengaluru,Delhi Capitals,Royal Challengers Bengaluru,field,Delhi Capitals,59.0,,70,win,League,AR Patel,False,True,Delhi Capitals,True
1216520,2020,6,,2020-10-26,Indian Premier League,46,male,T20,T20,20,2020,club,Sharjah Cricket Stadium,Punjab Kings,Kolkata Knight Riders,Punjab Kings,field,Punjab Kings,,8.0,1,win,League,CH Gayle,True,False,Kolkata Knight Riders,False
1216521,2020,6,,2020-10-23,Indian Premier League,41,male,T20,T20,20,2020,club,Sharjah Cricket Stadium,Mumbai Indians,Chennai Super Kings,Mumbai Indians,field,Mumbai Indians,,10.0,66,win,League,TA Boult,True,False,Chennai Super Kings,False
1216522,2020,6,,2020-10-17,Indian Premier League,33,male,T20,T20,20,2020,club,Dubai International Cricket Stadium,Rajasthan Royals,Rajasthan Royals,Royal Challengers Bengaluru,bat,Royal Challengers Bengaluru,,7.0,245,win,League,AB de Villiers,False,True,Rajasthan Royals,False
1216523,2020,6,Abu Dhabi,2020-10-10,Indian Premier League,24,male,T20,T20,20,2020,club,Sheikh Zayed Stadium,Kolkata Knight Riders,Kolkata Knight Riders,Punjab Kings,bat,Kolkata Knight Riders,2.0,,49,win,League,KD Karthik,True,True,Kolkata Knight Riders,True
1216524,2020,6,,2020-10-27,Indian Premier League,47,male,T20,T20,20,2020,club,Dubai International Cricket Stadium,Delhi Capitals,Sunrisers Hyderabad,Delhi Capitals,field,Sunrisers Hyderabad,88.0,,69,win,League,WP Saha,False,True,Sunrisers Hyderabad,True
1216525,2020,6,,2020-10-10,Indian Premier League,25,male,T20,T20,20,2020,club,Dubai International Cricket Stadium,Royal Challengers Bengaluru,Royal Challengers Bengaluru,Chennai Super Kings,bat,Royal Challengers Bengaluru,37.0,,332,win,League,V Kohli,True,True,Royal Challengers Bengaluru,True
1216526,2020,6,Abu Dhabi,2020-10-16,Indian Premier League,32,male,T20,T20,20,2020,club,Sheikh Zayed Stadium,Kolkata Knight Riders,Kolkata Knight Riders,Mumbai Indians,bat,Mumbai Indians,,8.0,1421,win,League,Q de Kock,False,True,Kolkata Knight Riders,False
1216527,2020,6,,2020-09-27,Indian Premier League,9,male,T20,T20,20,2020,club,Sharjah Cricket Stadium,Rajasthan Royals,Punjab Kings,Rajasthan Royals,field,Rajasthan Royals,,4.0,180,win,League,SV Samson,True,False,Punjab Kings,False
1216528,2020,6,,2020-10-13,Indian Premier League,29,male,T20,T20,20,2020,club,Dubai International Cricket Stadium,Chennai Super Kings,Chennai Super Kings,Sunrisers Hyderabad,bat,Chennai Super Kings,20.0,,348,win,League,RA Jadeja,True,True,Chennai Super Kings,True
1216529,2020,6,Abu Dhabi,2020-10-11,Indian Premier League,27,male,T20,T20,20,2020,club,Sheikh Zayed Stadium,Delhi Capitals,Delhi Capitals,Mumbai Indians,bat,Mumbai Indians,,5.0,1421,win,League,Q de Kock,False,True,Delhi Capitals,False
1216530,2020,6,,2020-11-01,Indian Premier League,54,male,T20,T20,20,2020,club,Dubai International Cricket Stadium,Rajasthan Royals,Kolkata Knight Riders,Rajasthan Royals,field,Kolkata Knight Riders,60.0,,184,win,League,PJ Cummins,False,True,Kolkata Knight Riders,True
1216531,2020,6,,2020-10-15,Indian Premier League,31,male,T20,T20,20,2020,club,Sharjah Cricket Stadium,Royal Challengers Bengaluru,Royal Challengers Bengaluru,Punjab Kings,bat,Punjab Kings,,8.0,1409,win,League,KL Rahul,False,True,Royal Challengers Bengaluru,False
1216532,2020,6,Abu Dhabi,2020-09-29,Indian Premier League,11,male,T20,T20,20,2020,club,Sheikh Zayed Stadium,Delhi Capitals,Sunrisers Hyderabad,Delhi Capitals,field,Sunrisers Hyderabad,15.0,,22,win,League,Rashid Khan,False,True,Sunrisers Hyderabad,True
1216533,2020,6,Abu Dhabi,2020-10-19,Indian Premier League,37,male,T20,T20,20,2020,club,Sheikh Zayed Stadium,Chennai Super Kings,Chennai Super Kings,Rajasthan Royals,bat,Rajasthan Royals,,7.0,24,win,League,JC Buttler,False,True,Chennai Super Kings,False
1216534,2020,6,,2020-09-21,Indian Premier League,3,male,T20,T20,20,2020,club,Dubai International Cricket Stadium,Sunrisers Hyderabad,Royal Challengers Bengaluru,Sunrisers Hyderabad,field,Royal Challengers Bengaluru,10.0,,10,win,League,YS Chahal,False,True,Royal Challengers Bengaluru,True
1216535,2020,6,,2020-10-31,Indian Premier League,51,male,T20,T20,20,2020,club,Dubai International Cricket Stadium,Mumbai Indians,Delhi Capitals,Mumbai Indians,field,Mumbai Indians,,9.0,347,win,League,Ishan Kishan,True,False,Delhi Capitals,False
1216536,2020,6,,2020-10-29,Indian Premier League,49,male,T20,T20,20,2020,club,Dubai International Cricket Stadium,Chennai Super Kings,Kolkata Knight Riders,Chennai Super Kings,field,Chennai Super Kings,,6.0,4119,win,League,RD Gaikwad,True,False,Kolkata Knight Riders,False
1216537,2020,6,Abu Dhabi,2020-10-30,Indian Premier League,50,male,T20,T20,20,2020,club,Sheikh Zayed Stadium,Rajasthan Royals,Punjab Kings,Rajasthan Royals,field,Rajasthan Royals,,7.0,37,win,League,BA Stokes,True,False,Punjab Kings,False
1216538,2020,6,,2020-10-04,Indian Premier League,17,male,T20,T20,20,2020,club,Sharjah Cricket Stadium,Mumbai Indians,Mumbai Indians,Sunrisers Hyderabad,bat,Mumbai Indians,34.0,,66,win,League,TA Boult,True,True,Mumbai Indians,True
1216539,2020,6,,2020-09-25,Indian Premier League,7,male,T20,T20,20,2020,club,Dubai International Cricket Stadium,Chennai Super Kings,Delhi Capitals,Chennai Super Kings,field,Delhi Capitals,44.0,,1849,win,League,PP Shaw,False,True,Delhi Capitals,True
1216540,2020,6,,2020-10-12,Indian Premier League,28,male,T20,T20,20,2020,club,Sharjah Cricket Stadium,Royal Challengers Bengaluru,Royal Challengers Bengaluru,Kolkata Knight Riders,bat,Royal Challengers Bengaluru,82.0,,245,win,League,AB de Villiers,True,True,Royal Challengers Bengaluru,True
1216541,2020,6,Abu Dhabi,2020-10-25,Indian Premier League,45,male,T20,T20,20,2020,club,Sheikh Zayed Stadium,Mumbai Indians,Mumbai Indians,Rajasthan Royals,bat,Rajasthan Royals,,8.0,37,win,League,BA Stokes,False,True,Mumbai Indians,False
1216542,2020,6,,2020-10-08,Indian Premier League,22,male,T20,T20,20,2020,club,Dubai International Cricket Stadium,Sunrisers Hyderabad,Sunrisers Hyderabad,Punjab Kings,bat,Sunrisers Hyderabad,69.0,,2719,win,League,JM Bairstow,True,True,Sunrisers Hyderabad,True
1216543,2020,6,,2020-10-14,Indian Premier League,30,male,T20,T20,20,2020,club,Dubai International Cricket Stadium,Delhi Capitals,Delhi Capitals,Rajasthan Royals,bat,Delhi Capitals,13.0,,4047,win,League,A Nortje,True,True,Delhi Capitals,True
1216544,2020,6,,2020-10-25,Indian Premier League,44,male,T20,T20,20,2020,club,Dubai International Cricket Stadium,Royal Challengers Bengaluru,Royal Challengers Bengaluru,Chennai Super Kings,bat,Chennai Super Kings,,8.0,4119,win,League,RD Gaikwad,False,True,Royal Challengers Bengaluru,False
1216545,2020,6,Abu Dhabi,2020-09-26,Indian Premier League,8,male,T20,T20,20,2020,club,Sheikh Zayed Stadium,Sunrisers Hyderabad,Sunrisers Hyderabad,Kolkata Knight Riders,bat,Kolkata Knight Riders,,7.0,1580,win,League,Shubman Gill,False,True,Sunrisers Hyderabad,False
1216546,2020,6,,2020-10-20,Indian Premier League,38,male,T20,T20,20,2020,club,Dubai International Cricket Stadium,Delhi Capitals,Delhi Capitals,Punjab Kings,bat,Punjab Kings,,5.0,13,win,League,S Dhawan,False,True,Delhi Capitals,False
1216547,2020,6,,2020-09-28,Indian Premier League,10,male,T20,T20,20,2020,club,Dubai International Cricket Stadium,Mumbai Indians,Royal Challengers Bengaluru,Mumbai Indians,field,Mumbai Indians,,,245,tie,League,AB de Villiers,True,False,Royal Challengers Bengaluru,False
1237177,2020,6,,2020-11-05,Indian Premier League,0,male,T20,T20,20,2020,club,Dubai International Cricket Stadium,Delhi Capitals,Mumbai Indians,Delhi Capitals,field,Mumbai Indians,57.0,,33,win,League,JJ Bumrah,False,True,Mumbai Indians,True
1237178,2020,6,Abu Dhabi,2020-11-06,Indian Premier League,0,male,T20,T20,20,2020,club,Sheikh Zayed Stadium,Sunrisers Hyderabad,Royal Challengers Bengaluru,Sunrisers Hyderabad,field,Sunrisers Hyderabad,,6.0,531,win,League,KS Williamson,True,False,Royal Challengers Bengaluru,False
1237180,2020,6,Abu Dhabi,2020-11-08,Indian Premier League,0,male,T20,T20,20,2020,club,Sheikh Zayed Stadium,Delhi Capitals,Delhi Capitals,Sunrisers Hyderabad,bat,Delhi Capitals,17.0,,73,win,League,MP Stoinis,True,True,Delhi Capitals,True
1237181,2020,6,,2020-11-10,Indian Premier League,0,male,T20,T20,20,2020,club,Dubai International Cricket Stadium,Delhi Capitals,Delhi Capitals,Mumbai Indians,bat,Mumbai Indians,,5.0,66,win,League,TA Boult,False,True,Delhi Capitals,False
1254058,2021,6,Chennai,2021-04-09,Indian Premier League,1,male,T20,T20,20,2021,club,"MA Chidambaram Stadium, Chepauk, Chennai",Royal Challengers Bengaluru,Mumbai Indians,Royal Challengers Bengaluru,field,Royal Challengers Bengaluru,,2.0,1285,win,League,HV Patel,True,False,Mumbai Indians,False
1254059,2021,6,Mumbai,2021-04-10,Indian Premier League,2,male,T20,T20,20,2021,club,"Wankhede Stadium, Mumbai",Delhi Capitals,Chennai Super Kings,Delhi Capitals,field,Delhi Capitals,,7.0,13,win,League,S Dhawan,True,False,Chennai Super Kings,False
1254060,2021,6,Chennai,2021-04-11,Indian Premier League,3,male,T20,T20,20,2021,club,"MA Chidambaram Stadium, Chepauk, Chennai",Sunrisers Hyderabad,Kolkata Knight Riders,Sunrisers Hyderabad,field,Kolkata Knight Riders,10.0,,26,win,League,N Rana,False,True,Kolkata Knight Riders,True
1254061,2021,6,Mumbai,2021-04-12,Indian Premier League,4,male,T20,T20,20,2021,club,"Wankhede Stadium, Mumbai",Rajasthan Royals,Punjab Kings,Rajasthan Royals,field,Punjab Kings,4.0,,180,win,League,SV Samson,False,True,Punjab Kings,True
1254062,2021,6,Chennai,2021-04-13,Indian Premier League,5,male,T20,T20,20,2021,club,"MA Chidambaram Stadium, Chepauk, Chennai",Kolkata Knight Riders,Mumbai Indians,Kolkata Knight Riders,field,Mumbai Indians,10.0,,163,win,League,RD Chahar,False,True,Mumbai Indians,True
1254063,2021,6,Chennai,2021-04-14,Indian Premier League,6,male,T20,T20,20,2021,club,"MA Chidambaram Stadium, Chepauk, Chennai",Sunrisers Hyderabad,Royal Challengers Bengaluru,Sunrisers Hyderabad,field,Royal Challengers Bengaluru,6.0,,71,win,League,GJ Maxwell,False,True,Royal Challengers Bengaluru,True
1254064,2021,6,Mumbai,2021-04-15,Indian Premier League,7,male,T20,T20,20,2021,club,"Wankhede Stadium, Mumbai",Rajasthan Royals,Delhi Capitals,Rajasthan Royals,field,Rajasthan Royals,,3.0,438,win,League,JD Unadkat,True,False,Delhi Capitals,False
1254065,2021,6,Mumbai,2021-04-16,Indian Premier League,8,male,T20,T20,20,2021,club,"Wankhede Stadium, Mumbai",Chennai Super Kings,Punjab Kings,Chennai Super Kings,field,Chennai Super Kings,,6.0,41,win,League,DL Chahar,True,False,Punjab Kings,False
1254066,2021,6,Chennai,2021-04-17,Indian Premier League,9,male,T20,T20,20,2021,club,"MA Chidambaram Stadium, Chepauk, Chennai",Mumbai Indians,Mumbai Indians,Sunrisers Hyderabad,bat,Mumbai Indians,13.0,,29,win,League,KA Pollard,True,True,Mumbai Indians,True
1254067,2021,6,Chennai,2021-04-18,Indian Premier League,10,male,T20,T20,20,2021,club,"MA Chidambaram Stadium, Chepauk, Chennai",Royal Challengers Bengaluru,Royal Challengers Bengaluru,Kolkata Knight Riders,bat,Royal Challengers Bengaluru,38.0,,245,win,League,AB de Villiers,True,True,Royal Challengers Bengaluru,True
1254068,2021,6,Mumbai,2021-04-18,Indian Premier League,11,male,T20,T20,20,2021,club,"Wankhede Stadium, Mumbai",Delhi Capitals,Punjab Kings,Delhi Capitals,field,Delhi Capitals,,6.0,13,win,League,S Dhawan,True,False,Punjab Kings,False
1254069,2021,6,Mumbai,2021-04-19,Indian Premier League,12,male,T20,T20,20,2021,club,"Wankhede Stadium, Mumbai",Rajasthan Royals,Chennai Super Kings,Rajasthan Royals,field,Chennai Super Kings,45.0,,2227,win,League,MM Ali,False,True,Chennai Super Kings,True
1254070,2021,6,Chennai,2021-04-20,Indian Premier League,13,male,T20,T20,20,2021,club,"MA Chidambaram Stadium, Chepauk, Chennai",Mumbai Indians,Mumbai Indians,Delhi Capitals,bat,Delhi Capitals,,6.0,185,win,League,A Mishra,False,True,Mumbai Indians,False
1254071,2021,6,Chennai,2021-04-21,Indian Premier League,14,male,T20,T20,20,2021,club,"MA Chidambaram Stadium, Chepauk, Chennai",Punjab Kings,Punjab Kings,Sunrisers Hyderabad,bat,Sunrisers Hyderabad,,9.0,2719,win,League,JM Bairstow,False,True,Punjab Kings,False
1254072,2021,6,Mumbai,2021-04-21,Indian Premier League,15,male,T20,T20,20,2021,club,"Wankhede Stadium, Mumbai",Kolkata Knight Riders,Chennai Super Kings,Kolkata Knight Riders,field,Chennai Super Kings,18.0,,267,win,League,F du Plessis,False,True,Chennai Super Kings,True
1254073,2021,6,Mumbai,2021-04-22,Indian Premier League,16,male,T20,T20,20,2021,club,"Wankhede Stadium, Mumbai",Royal Challengers Bengaluru,Rajasthan Royals,Royal Challengers Bengaluru,field,Royal Challengers Bengaluru,,10.0,4071,win,League,D Padikkal,True,False,Rajasthan Royals,False
1254074,2021,6,Chennai,2021-04-23,Indian Premier League,17,male,T20,T20,20,2021,club,"MA Chidambaram Stadium, Chepauk, Chennai",Punjab Kings,Mumbai Indians,Punjab Kings,field,Punjab Kings,,9.0,1409,win,League,KL Rahul,True,False,Mumbai Indians,False
1254075,2021,6,Mumbai,2021-04-24,Indian Premier League,18,male,T20,T20,20,2021,club,"Wankhede Stadium, Mumbai",Rajasthan Royals,Kolkata Knight Riders,Rajasthan Royals,field,Rajasthan Royals,,6.0,182,win,League,CH Morris,True,False,Kolkata Knight Riders,False
1254076,2021,6,Mumbai,2021-04-25,Indian Premier League,19,male,T20,T20,20,2021,club,"Wankhede Stadium, Mumbai",Chennai Super Kings,Chennai Super Kings,Royal Challengers Bengaluru,bat,Chennai Super Kings,69.0,,348,win,League,RA Jadeja,True,True,Chennai Super Kings,True
1254077,2021,6,Chennai,2021-04-25,Indian Premier League,20,male,T20,T20,20,2021,club,"MA Chidambaram Stadium, Chepauk, Chennai",Delhi Capitals,Delhi Capitals,Sunrisers Hyderabad,bat,Sunrisers Hyderabad,,,1849,tie,League,PP Shaw,False,True,Delhi Capitals,False
1254078,2021,6,Ahmedabad,2021-04-26,Indian Premier League,21,male,T20,T20,20,2021,club,"Narendra Modi Stadium, Ahmedabad",Kolkata Knight Riders,Punjab Kings,Kolkata Knight Riders,field,Kolkata Knight Riders,,5.0,400,win,League,EJG Morgan,True,False,Punjab Kings,False
1254079,2021,6,Ahmedabad,2021-04-27,Indian Premier League,22,male,T20,T20,20,2021,club,"Narendra Modi Stadium, Ahmedabad",Delhi Capitals,Royal Challengers Bengaluru,Delhi Capitals,field,Royal Challengers Bengaluru,1.0,,245,win,League,AB de Villiers,False,True,Royal Challengers Bengaluru,True
1254080,2021,6,Delhi,2021-04-28,Indian Premier League,23,male,T20,T20,20,2021,club,"Arun Jaitley Stadium, Delhi",Sunrisers Hyderabad,Sunrisers Hyderabad,Chennai Super Kings,bat,Chennai Super Kings,,7.0,4119,win,League,RD Gaikwad,False,True,Sunrisers Hyderabad,False
1254081,2021,6,Delhi,2021-04-29,Indian Premier League,24,male,T20,T20,20,2021,club,"Arun Jaitley Stadium, Delhi",Mumbai Indians,Rajasthan Royals,Mumbai Indians,field,Mumbai Indians,,7.0,1421,win,League,Q de Kock,True,False,Rajasthan Royals,False
1254082,2021,6,Ahmedabad,2021-04-29,Indian Premier League,25,male,T20,T20,20,2021,club,"Narendra Modi Stadium, Ahmedabad",Delhi Capitals,Kolkata Knight Riders,Delhi Capitals,field,Delhi Capitals,,7.0,1849,win,League,PP Shaw,True,False,Kolkata Knight Riders,False
1254083,2021,6,Ahmedabad,2021-04-30,Indian Premier League,26,male,T20,T20,20,2021,club,"Narendra Modi Stadium, Ahmedabad",Royal Challengers Bengaluru,Punjab Kings,Royal Challengers Bengaluru,field,Punjab Kings,34.0,,3495,win,League,Harpreet Brar,False,True,Punjab Kings,True
1254084,2021,6,Delhi,2021-05-01,Indian Premier League,27,male,T20,T20,20,2021,club,"Arun Jaitley Stadium, Delhi",Mumbai Indians,Chennai Super Kings,Mumbai Indians,field,Mumbai Indians,,4.0,29,win,League,KA Pollard,True,False,Chennai Super Kings,False
1254085,2021,6,Delhi,2021-05-02,Indian Premier League,28,male,T20,T20,20,2021,club,"Arun Jaitley Stadium, Delhi",Sunrisers Hyderabad,Rajasthan Royals,Sunrisers Hyderabad,field,Rajasthan Royals,55.0,,24,win,League,JC Buttler,False,True,Rajasthan Royals,True
1254086,2021,6,Ahmedabad,2021-05-02,Indian Premier League,29,male,T20,T20,20,2021,club,"Narendra Modi Stadium, Ahmedabad",Delhi Capitals,Punjab Kings,Delhi Capitals,field,Delhi Capitals,,7.0,35,win,League,MA Agarwal,True,False,Punjab Kings,False
1254087,2021,6,Abu Dhabi,2021-09-20,Indian Premier League,31,male,T20,T20,20,2021,club,"Zayed Cricket Stadium, Abu Dhabi",Royal Challengers Bengaluru,Royal Challengers Bengaluru,Kolkata Knight Riders,bat,Kolkata Knight Riders,,9.0,2825,win,League,CV Varun,False,True,Royal Challengers Bengaluru,False
1254088,2021,6,Abu Dhabi,2021-10-08,Indian Premier League,55,male,T20,T20,20,2021,club,"Zayed Cricket Stadium, Abu Dhabi",Mumbai Indians,Mumbai Indians,Sunrisers Hyderabad,bat,Mumbai Indians,42.0,,347,win,League,Ishan Kishan,True,True,Mumbai Indians,True
1254089,2021,6,Abu Dhabi,2021-10-02,Indian Premier League,47,male,T20,T20,20,2021,club,"Zayed Cricket Stadium, Abu Dhabi",Rajasthan Royals,Chennai Super Kings,Rajasthan Royals,field,Rajasthan Royals,,7.0,4119,win,League,RD Gaikwad,True,False,Chennai Super Kings,False
1254090,2021,6,Sharjah,2021-10-03,Indian Premier League,48,male,T20,T20,20,2021,club,Sharjah Cricket Stadium,Royal Challengers Bengaluru,Royal Challengers Bengaluru,Punjab Kings,bat,Royal Challengers Bengaluru,6.0,,71,win,League,GJ Maxwell,True,True,Royal Challengers Bengaluru,True
1254091,2021,6,Sharjah,2021-09-30,Indian Premier League,44,male,T20,T20,20,2021,club,Sharjah Cricket Stadium,Chennai Super Kings,Sunrisers Hyderabad,Chennai Super Kings,field,Chennai Super Kings,,6.0,4664,win,League,JR Hazlewood,True,False,Sunrisers Hyderabad,False
1254092,2021,6,Sharjah,2021-09-28,Indian Premier League,41,male,T20,T20,20,2021,club,Sharjah Cricket Stadium,Kolkata Knight Riders,Delhi Capitals,Kolkata Knight Riders,field,Kolkata Knight Riders,,3.0,65,win,League,SP Narine,True,False,Delhi Capitals,False
1254093,2021,6,Sharjah,2021-10-05,Indian Premier League,51,male,T20,T20,20,2021,club,Sharjah Cricket Stadium,Mumbai Indians,Rajasthan Royals,Mumbai Indians,field,Mumbai Indians,,8.0,471,win,League,NM Coulter-Nile,True,False,Rajasthan Royals,False
1254094,2021,6,Dubai,2021-10-07,Indian Premier League,53,male,T20,T20,20,2021,club,Dubai International Cricket Stadium,Punjab Kings,Chennai Super Kings,Punjab Kings,field,Punjab Kings,,6.0,1409,win,League,KL Rahul,True,False,Chennai Super Kings,False
1254095,2021,6,Abu Dhabi,2021-10-06,Indian Premier League,52,male,T20,T20,20,2021,club,"Zayed Cricket Stadium, Abu Dhabi",Royal Challengers Bengaluru,Sunrisers Hyderabad,Royal Challengers Bengaluru,field,Sunrisers Hyderabad,4.0,,531,win,League,KS Williamson,False,True,Sunrisers Hyderabad,True
1254096,2021,6,Abu Dhabi,2021-09-23,Indian Premier League,34,male,T20,T20,20,2021,club,"Zayed Cricket Stadium, Abu Dhabi",Kolkata Knight Riders,Mumbai Indians,Kolkata Knight Riders,field,Kolkata Knight Riders,,7.0,65,win,League,SP Narine,True,False,Mumbai Indians,False
1254097,2021,6,Abu Dhabi,2021-09-25,Indian Premier League,36,male,T20,T20,20,2021,club,"Zayed Cricket Stadium, Abu Dhabi",Rajasthan Royals,Delhi Capitals,Rajasthan Royals,field,Delhi Capitals,33.0,,389,win,League,SS Iyer,False,True,Delhi Capitals,True
1254098,2021,6,Abu Dhabi,2021-09-26,Indian Premier League,38,male,T20,T20,20,2021,club,"Zayed Cricket Stadium, Abu Dhabi",Kolkata Knight Riders,Kolkata Knight Riders,Chennai Super Kings,bat,Chennai Super Kings,,2.0,348,win,League,RA Jadeja,False,True,Kolkata Knight Riders,False
1254099,2021,6,Abu Dhabi,2021-09-28,Indian Premier League,42,male,T20,T20,20,2021,club,"Zayed Cricket Stadium, Abu Dhabi",Mumbai Indians,Punjab Kings,Mumbai Indians,field,Mumbai Indians,,6.0,29,win,League,KA Pollard,True,False,Punjab Kings,False
1254100,2021,6,Dubai,2021-09-27,Indian Premier League,40,male,T20,T20,20,2021,club,Dubai International Cricket Stadium,Rajasthan Royals,Rajasthan Royals,Sunrisers Hyderabad,bat,Sunrisers Hyderabad,,7.0,45,win,League,JJ Roy,False,True,Rajasthan Royals,False
1254101,2021,6,Dubai,2021-10-08,Indian Premier League,56,male,T20,T20,20,2021,club,Dubai International Cricket Stadium,Royal Challengers Bengaluru,Delhi Capitals,Royal Challengers Bengaluru,field,Royal Challengers Bengaluru,,7.0,5976,win,League,KS Bharat,True,False,Delhi Capitals,False
1254102,2021,6,Dubai,2021-10-01,Indian Premier League,45,male,T20,T20,20,2021,club,Dubai International Cricket Stadium,Punjab Kings,Kolkata Knight Riders,Punjab Kings,field,Punjab Kings,,5.0,1409,win,League,KL Rahul,True,False,Kolkata Knight Riders,False
1254103,2021,6,Dubai,2021-09-29,Indian Premier League,43,male,T20,T20,20,2021,club,Dubai International Cricket Stadium,Royal Challengers Bengaluru,Rajasthan Royals,Royal Challengers Bengaluru,field,Royal Challengers Bengaluru,,7.0,10,win,League,YS Chahal,True,False,Rajasthan Royals,False
1254104,2021,6,Dubai,2021-09-19,Indian Premier League,30,male,T20,T20,20,2021,club,Dubai International Cricket Stadium,Chennai Super Kings,Chennai Super Kings,Mumbai Indians,bat,Chennai Super Kings,20.0,,4119,win,League,RD Gaikwad,True,True,Chennai Super Kings,True
1254105,2021,6,Dubai,2021-09-22,Indian Premier League,33,male,T20,T20,20,2021,club,Dubai International Cricket Stadium,Sunrisers Hyderabad,Sunrisers Hyderabad,Delhi Capitals,bat,Delhi Capitals,,8.0,4047,win,League,A Nortje,False,True,Sunrisers Hyderabad,False
1254106,2021,6,Sharjah,2021-10-07,Indian Premier League,54,male,T20,T20,20,2021,club,Sharjah Cricket Stadium,Rajasthan Royals,Kolkata Knight Riders,Rajasthan Royals,field,Kolkata Knight Riders,86.0,,1581,win,League,Shivam Mavi,False,True,Kolkata Knight Riders,True
1254107,2021,6,Sharjah,2021-09-25,Indian Premier League,37,male,T20,T20,20,2021,club,Sharjah Cricket Stadium,Sunrisers Hyderabad,Punjab Kings,Sunrisers Hyderabad,field,Punjab Kings,5.0,,4098,win,League,JO Holder,False,True,Punjab Kings,True
1254108,2021,6,Dubai,2021-09-26,Indian Premier League,39,male,T20,T20,20,2021,club,Dubai International Cricket Stadium,Mumbai Indians,Royal Challengers Bengaluru,Mumbai Indians,field,Royal Challengers Bengaluru,54.0,,71,win,League,GJ Maxwell,False,True,Royal Challengers Bengaluru,True
1254109,2021,6,Dubai,2021-10-03,Indian Premier League,49,male,T20,T20,20,2021,club,Dubai International Cricket Stadium,Sunrisers Hyderabad,Sunrisers Hyderabad,Kolkata Knight Riders,bat,Kolkata Knight Riders,,6.0,1580,win,League,Shubman Gill,False,True,Sunrisers Hyderabad,False
1254110,2021,6,Dubai,2021-10-04,Indian Premier League,50,male,T20,T20,20,2021,club,Dubai International Cricket Stadium,Delhi Capitals,Chennai Super Kings,Delhi Capitals,field,Delhi Capitals,,3.0,70,win,League,AR Patel,True,False,Chennai Super Kings,False
1254111,2021,6,Dubai,2021-09-21,Indian Premier League,32,male,T20,T20,20,2021,club,Dubai International Cricket Stadium,Punjab Kings,Rajasthan Royals,Punjab Kings,field,Rajasthan Royals,2.0,,4212,win,League,Kartik Tyagi,False,True,Rajasthan Royals,True
1254112,2021,6,Sharjah,2021-10-02,Indian Premier League,46,male,T20,T20,20,2021,club,Sharjah Cricket Stadium,Delhi Capitals,Mumbai Indians,Delhi Capitals,field,Delhi Capitals,,4.0,70,win,League,AR Patel,True,False,Mumbai Indians,False
1254113,2021,6,Sharjah,2021-09-24,Indian Premier League,35,male,T20,T20,20,2021,club,Sharjah Cricket Stadium,Chennai Super Kings,Royal Challengers Bengaluru,Chennai Super Kings,field,Chennai Super Kings,,6.0,1393,win,League,DJ Bravo,True,False,Royal Challengers Bengaluru,False
1254114,2021,6,Dubai,2021-10-10,Indian Premier League,0,male,T20,T20,20,2021,club,Dubai International Cricket Stadium,Chennai Super Kings,Delhi Capitals,Chennai Super Kings,field,Chennai Super Kings,,4.0,4119,win,League,RD Gaikwad,True,False,Delhi Capitals,False
1254115,2021,6,Sharjah,2021-10-11,Indian Premier League,0,male,T20,T20,20,2021,club,Sharjah Cricket Stadium,Royal Challengers Bengaluru,Royal Challengers Bengaluru,Kolkata Knight Riders,bat,Kolkata Knight Riders,,4.0,65,win,League,SP Narine,False,True,Royal Challengers Bengaluru,False
1254116,2021,6,Sharjah,2021-10-13,Indian Premier League,0,male,T20,T20,20,2021,club,Sharjah Cricket Stadium,Kolkata Knight Riders,Delhi Capitals,Kolkata Knight Riders,field,Kolkata Knight Riders,,3.0,5986,win,League,VR Iyer,True,False,Delhi Capitals,False
1254117,2021,6,Dubai,2021-10-15,Indian Premier League,0,male,T20,T20,20,2021,club,Dubai International Cricket Stadium,Kolkata Knight Riders,Chennai Super Kings,Kolkata Knight Riders,field,Chennai Super Kings,27.0,,267,win,League,F du Plessis,False,True,Chennai Super Kings,True
1304047,2022,6,Mumbai,2022-03-26,Indian Premier League,1,male,T20,T20,20,2022,club,"Wankhede Stadium, Mumbai",Kolkata Knight Riders,Chennai Super Kings,Kolkata Knight Riders,field,Kolkata Knight Riders,,6.0,318,win,League,UT Yadav,True,False,Chennai Super Kings,False
1304048,2022,6,Mumbai,2022-03-27,Indian Premier League,2,male,T20,T20,20,2022,club,"Brabourne Stadium, Mumbai",Delhi Capitals,Mumbai Indians,Delhi Capitals,field,Delhi Capitals,,4.0,64,win,League,Kuldeep Yadav,True,False,Mumbai Indians,False
1304049,2022,6,Mumbai,2022-03-27,Indian Premier League,3,male,T20,T20,20,2022,club,"Dr DY Patil Sports Academy, Mumbai",Punjab Kings,Royal Challengers Bengaluru,Punjab Kings,field,Punjab Kings,,5.0,6717,win,League,OF Smith,True,False,Royal Challengers Bengaluru,False
1304050,2022,6,Mumbai,2022-03-28,Indian Premier League,4,male,T20,T20,20,2022,club,"Wankhede Stadium, Mumbai",Gujarat Titans,Lucknow Super Giants,Gujarat Titans,field,Gujarat Titans,,5.0,460,win,League,Mohammed Shami,True,False,Lucknow Super Giants,False
1304051,2022,6,Pune,2022-03-29,Indian Premier League,5,male,T20,T20,20,2022,club,"Maharashtra Cricket Association Stadium, Pune",Sunrisers Hyderabad,Rajasthan Royals,Sunrisers Hyderabad,field,Rajasthan Royals,61.0,,180,win,League,SV Samson,False,True,Rajasthan Royals,True
1304052,2022,6,Mumbai,2022-03-30,Indian Premier League,6,male,T20,T20,20,2022,club,"Dr DY Patil Sports Academy, Mumbai",Royal Challengers Bengaluru,Kolkata Knight Riders,Royal Challengers Bengaluru,field,Royal Challengers Bengaluru,,3.0,5980,win,League,PWH de Silva,True,False,Kolkata Knight Riders,False
1304053,2022,6,Mumbai,2022-03-31,Indian Premier League,7,male,T20,T20,20,2022,club,"Brabourne Stadium, Mumbai",Lucknow Super Giants,Chennai Super Kings,Lucknow Super Giants,field,Lucknow Super Giants,,6.0,1377,win,League,E Lewis,True,False,Chennai Super Kings,False
1304054,2022,6,Mumbai,2022-04-01,Indian Premier League,8,male,T20,T20,20,2022,club,"Wankhede Stadium, Mumbai",Kolkata Knight Riders,Punjab Kings,Kolkata Knight Riders,field,Kolkata Knight Riders,,6.0,318,win,League,UT Yadav,True,False,Punjab Kings,False
1304055,2022,6,Mumbai,2022-04-02,Indian Premier League,9,male,T20,T20,20,2022,club,"Dr DY Patil Sports Academy, Mumbai",Mumbai Indians,Rajasthan Royals,Mumbai Indians,field,Rajasthan Royals,23.0,,24,win,League,JC Buttler,False,True,Rajasthan Royals,True
1304056,2022,6,Pune,2022-04-02,Indian Premier League,10,male,T20,T20,20,2022,club,"Maharashtra Cricket Association Stadium, Pune",Delhi Capitals,Gujarat Titans,Delhi Capitals,field,Gujarat Titans,14.0,,361,win,League,LH Ferguson,False,True,Gujarat Titans,True
1304057,2022,6,Mumbai,2022-04-03,Indian Premier League,11,male,T20,T20,20,2022,club,"Brabourne Stadium, Mumbai",Chennai Super Kings,Punjab Kings,Chennai Super Kings,field,Punjab Kings,54.0,,3284,win,League,LS Livingstone,False,True,Punjab Kings,True
1304058,2022,6,Mumbai,2022-04-04,Indian Premier League,12,male,T20,T20,20,2022,club,"Dr DY Patil Sports Academy, Mumbai",Sunrisers Hyderabad,Lucknow Super Giants,Sunrisers Hyderabad,field,Lucknow Super Giants,12.0,,1286,win,League,Avesh Khan,False,True,Lucknow Super Giants,True
1304059,2022,6,Mumbai,2022-04-05,Indian Premier League,13,male,T20,T20,20,2022,club,"Wankhede Stadium, Mumbai",Royal Challengers Bengaluru,Rajasthan Royals,Royal Challengers Bengaluru,field,Royal Challengers Bengaluru,,4.0,49,win,League,KD Karthik,True,False,Rajasthan Royals,False
1304060,2022,6,Pune,2022-04-06,Indian Premier League,14,male,T20,T20,20,2022,club,"Maharashtra Cricket Association Stadium, Pune",Kolkata Knight Riders,Mumbai Indians,Kolkata Knight Riders,field,Kolkata Knight Riders,,5.0,184,win,League,PJ Cummins,True,False,Mumbai Indians,False
1304061,2022,6,Mumbai,2022-04-07,Indian Premier League,15,male,T20,T20,20,2022,club,"Dr DY Patil Sports Academy, Mumbai",Lucknow Super Giants,Delhi Capitals,Lucknow Super Giants,field,Lucknow Super Giants,,6.0,1421,win,League,Q de Kock,True,False,Delhi Capitals,False
1304062,2022,6,Mumbai,2022-04-08,Indian Premier League,16,male,T20,T20,20,2022,club,"Brabourne Stadium, Mumbai",Gujarat Titans,Punjab Kings,Gujarat Titans,field,Gujarat Titans,,6.0,1580,win,League,Shubman Gill,True,False,Punjab Kings,False
1304063,2022,6,Mumbai,2022-04-09,Indian Premier League,17,male,T20,T20,20,2022,club,"Dr DY Patil Sports Academy, Mumbai",Sunrisers Hyderabad,Chennai Super Kings,Sunrisers Hyderabad,field,Sunrisers Hyderabad,,8.0,2349,win,League,Abhishek Sharma,True,False,Chennai Super Kings,False
1304064,2022,6,Pune,2022-04-09,Indian Premier League,18,male,T20,T20,20,2022,club,"Maharashtra Cricket Association Stadium, Pune",Royal Challengers Bengaluru,Mumbai Indians,Royal Challengers Bengaluru,field,Royal Challengers Bengaluru,,7.0,5935,win,League,Anuj Rawat,True,False,Mumbai Indians,False
1304065,2022,6,Mumbai,2022-04-10,Indian Premier League,19,male,T20,T20,20,2022,club,"Brabourne Stadium, Mumbai",Kolkata Knight Riders,Delhi Capitals,Kolkata Knight Riders,field,Delhi Capitals,44.0,,64,win,League,Kuldeep Yadav,False,True,Delhi Capitals,True
1304066,2022,6,Mumbai,2022-04-10,Indian Premier League,20,male,T20,T20,20,2022,club,"Wankhede Stadium, Mumbai",Lucknow Super Giants,Rajasthan Royals,Lucknow Super Giants,field,Rajasthan Royals,3.0,,10,win,League,YS Chahal,False,True,Rajasthan Royals,True
1304067,2022,6,Mumbai,2022-04-11,Indian Premier League,21,male,T20,T20,20,2022,club,"Dr DY Patil Sports Academy, Mumbai",Sunrisers Hyderabad,Gujarat Titans,Sunrisers Hyderabad,field,Sunrisers Hyderabad,,8.0,531,win,League,KS Williamson,True,False,Gujarat Titans,False
1304068,2022,6,Mumbai,2022-04-12,Indian Premier League,22,male,T20,T20,20,2022,club,"Dr DY Patil Sports Academy, Mumbai",Royal Challengers Bengaluru,Chennai Super Kings,Royal Challengers Bengaluru,field,Chennai Super Kings,23.0,,2701,win,League,S Dube,False,True,Chennai Super Kings,True
1304069,2022,6,Pune,2022-04-13,Indian Premier League,23,male,T20,T20,20,2022,club,"Maharashtra Cricket Association Stadium, Pune",Mumbai Indians,Punjab Kings,Mumbai Indians,field,Punjab Kings,12.0,,35,win,League,MA Agarwal,False,True,Punjab Kings,True
1304070,2022,6,Mumbai,2022-04-14,Indian Premier League,24,male,T20,T20,20,2022,club,"Dr DY Patil Sports Academy, Mumbai",Rajasthan Royals,Gujarat Titans,Rajasthan Royals,field,Gujarat Titans,37.0,,30,win,League,HH Pandya,False,True,Gujarat Titans,True
1304071,2022,6,Mumbai,2022-04-15,Indian Premier League,25,male,T20,T20,20,2022,club,"Brabourne Stadium, Mumbai",Sunrisers Hyderabad,Kolkata Knight Riders,Sunrisers Hyderabad,field,Sunrisers Hyderabad,,7.0,268,win,League,RA Tripathi,True,False,Kolkata Knight Riders,False
1304072,2022,6,Mumbai,2022-04-16,Indian Premier League,26,male,T20,T20,20,2022,club,"Brabourne Stadium, Mumbai",Mumbai Indians,Lucknow Super Giants,Mumbai Indians,field,Lucknow Super Giants,18.0,,1409,win,League,KL Rahul,False,True,Lucknow Super Giants,True
1304073,2022,6,Mumbai,2022-04-16,Indian Premier League,27,male,T20,T20,20,2022,club,"Wankhede Stadium, Mumbai",Delhi Capitals,Royal Challengers Bengaluru,Delhi Capitals,field,Royal Challengers Bengaluru,16.0,,49,win,League,KD Karthik,False,True,Royal Challengers Bengaluru,True
1304074,2022,6,Mumbai,2022-04-17,Indian Premier League,28,male,T20,T20,20,2022,club,"Dr DY Patil Sports Academy, Mumbai",Sunrisers Hyderabad,Punjab Kings,Sunrisers Hyderabad,field,Sunrisers Hyderabad,,7.0,6017,win,League,Umran Malik,True,False,Punjab Kings,False
1304075,2022,6,Pune,2022-04-17,Indian Premier League,29,male,T20,T20,20,2022,club,"Maharashtra Cricket Association Stadium, Pune",Gujarat Titans,Chennai Super Kings,Gujarat Titans,field,Gujarat Titans,,3.0,72,win,League,DA Miller,True,False,Chennai Super Kings,False
1304076,2022,6,Mumbai,2022-04-18,Indian Premier League,30,male,T20,T20,20,2022,club,"Brabourne Stadium, Mumbai",Kolkata Knight Riders,Rajasthan Royals,Kolkata Knight Riders,field,Rajasthan Royals,7.0,,10,win,League,YS Chahal,False,True,Rajasthan Royals,True
1304077,2022,6,Mumbai,2022-04-19,Indian Premier League,31,male,T20,T20,20,2022,club,"Dr DY Patil Sports Academy, Mumbai",Lucknow Super Giants,Royal Challengers Bengaluru,Lucknow Super Giants,field,Royal Challengers Bengaluru,18.0,,267,win,League,F du Plessis,False,True,Royal Challengers Bengaluru,True
1304078,2022,6,Mumbai,2022-04-20,Indian Premier League,32,male,T20,T20,20,2022,club,"Brabourne Stadium, Mumbai",Delhi Capitals,Punjab Kings,Delhi Capitals,field,Delhi Capitals,,9.0,64,win,League,Kuldeep Yadav,True,False,Punjab Kings,False
1304079,2022,6,Navi Mumbai,2022-04-21,Indian Premier League,33,male,T20,T20,20,2022,club,"Dr DY Patil Sports Academy, Mumbai",Chennai Super Kings,Mumbai Indians,Chennai Super Kings,field,Chennai Super Kings,,3.0,6798,win,League,Mukesh Choudhary,True,False,Mumbai Indians,False
1304080,2022,6,Mumbai,2022-04-22,Indian Premier League,34,male,T20,T20,20,2022,club,"Wankhede Stadium, Mumbai",Delhi Capitals,Rajasthan Royals,Delhi Capitals,field,Rajasthan Royals,15.0,,24,win,League,JC Buttler,False,True,Rajasthan Royals,True
1304081,2022,6,Navi Mumbai,2022-04-23,Indian Premier League,35,male,T20,T20,20,2022,club,"Dr DY Patil Sports Academy, Mumbai",Gujarat Titans,Gujarat Titans,Kolkata Knight Riders,bat,Gujarat Titans,8.0,,22,win,League,Rashid Khan,True,True,Gujarat Titans,True
1304082,2022,6,Mumbai,2022-04-23,Indian Premier League,36,male,T20,T20,20,2022,club,"Brabourne Stadium, Mumbai",Sunrisers Hyderabad,Royal Challengers Bengaluru,Sunrisers Hyderabad,field,Sunrisers Hyderabad,,9.0,5343,win,League,M Jansen,True,False,Royal Challengers Bengaluru,False
1304083,2022,6,Mumbai,2022-04-24,Indian Premier League,37,male,T20,T20,20,2022,club,"Wankhede Stadium, Mumbai",Mumbai Indians,Lucknow Super Giants,Mumbai Indians,field,Lucknow Super Giants,36.0,,1409,win,League,KL Rahul,False,True,Lucknow Super Giants,True
1304084,2022,6,Mumbai,2022-04-25,Indian Premier League,38,male,T20,T20,20,2022,club,"Wankhede Stadium, Mumbai",Chennai Super Kings,Punjab Kings,Chennai Super Kings,field,Punjab Kings,11.0,,13,win,League,S Dhawan,False,True,Punjab Kings,True
1304085,2022,6,Pune,2022-04-26,Indian Premier League,39,male,T20,T20,20,2022,club,"Maharashtra Cricket Association Stadium, Pune",Royal Challengers Bengaluru,Rajasthan Royals,Royal Challengers Bengaluru,field,Rajasthan Royals,29.0,,3230,win,League,R Parag,False,True,Rajasthan Royals,True
1304086,2022,6,Mumbai,2022-04-27,Indian Premier League,40,male,T20,T20,20,2022,club,"Wankhede Stadium, Mumbai",Gujarat Titans,Sunrisers Hyderabad,Gujarat Titans,field,Gujarat Titans,,5.0,6017,win,League,Umran Malik,True,False,Sunrisers Hyderabad,False
1304087,2022,6,Mumbai,2022-04-28,Indian Premier League,41,male,T20,T20,20,2022,club,"Wankhede Stadium, Mumbai",Delhi Capitals,Kolkata Knight Riders,Delhi Capitals,field,Delhi Capitals,,4.0,64,win,League,Kuldeep Yadav,True,False,Kolkata Knight Riders,False
1304088,2022,6,Pune,2022-04-29,Indian Premier League,42,male,T20,T20,20,2022,club,"Maharashtra Cricket Association Stadium, Pune",Punjab Kings,Lucknow Super Giants,Punjab Kings,field,Lucknow Super Giants,20.0,,28,win,League,KH Pandya,False,True,Lucknow Super Giants,True
1304089,2022,6,Mumbai,2022-04-30,Indian Premier League,43,male,T20,T20,20,2022,club,"Brabourne Stadium, Mumbai",Royal Challengers Bengaluru,Royal Challengers Bengaluru,Gujarat Titans,bat,Gujarat Titans,,6.0,1119,win,League,R Tewatia,False,True,Royal Challengers Bengaluru,False
1304090,2022,6,Navi Mumbai,2022-04-30,Indian Premier League,44,male,T20,T20,20,2022,club,"Dr DY Patil Sports Academy, Mumbai",Mumbai Indians,Rajasthan Royals,Mumbai Indians,field,Mumbai Indians,,5.0,61,win,League,SA Yadav,True,False,Rajasthan Royals,False
1304091,2022,6,Mumbai,2022-05-01,Indian Premier League,45,male,T20,T20,20,2022,club,"Wankhede Stadium, Mumbai",Lucknow Super Giants,Lucknow Super Giants,Delhi Capitals,bat,Lucknow Super Giants,6.0,,6730,win,League,Mohsin Khan,True,True,Lucknow Super Giants,True
1304092,2022,6,Pune,2022-05-01,Indian Premier League,46,male,T20,T20,20,2022,club,"Maharashtra Cricket Association Stadium, Pune",Sunrisers Hyderabad,Chennai Super Kings,Sunrisers Hyderabad,field,Chennai Super Kings,13.0,,4119,win,League,RD Gaikwad,False,True,Chennai Super Kings,True
1304093,2022,6,Mumbai,2022-05-02,Indian Premier League,47,male,T20,T20,20,2022,club,"Wankhede Stadium, Mumbai",Kolkata Knight Riders,Rajasthan Royals,Kolkata Knight Riders,field,Kolkata Knight Riders,,7.0,1436,win,League,RK Singh,True,False,Rajasthan Royals,False
1304094,2022,6,Navi Mumbai,2022-05-03,Indian Premier League,48,male,T20,T20,20,2022,club,"Dr DY Patil Sports Academy, Mumbai",Gujarat Titans,Gujarat Titans,Punjab Kings,bat,Punjab Kings,,8.0,590,win,League,K Rabada,False,True,Gujarat Titans,False
1304095,2022,6,Pune,2022-05-04,Indian Premier League,49,male,T20,T20,20,2022,club,"Maharashtra Cricket Association Stadium, Pune",Chennai Super Kings,Royal Challengers Bengaluru,Chennai Super Kings,field,Royal Challengers Bengaluru,13.0,,1285,win,League,HV Patel,False,True,Royal Challengers Bengaluru,True
1304096,2022,6,Mumbai,2022-05-05,Indian Premier League,50,male,T20,T20,20,2022,club,"Brabourne Stadium, Mumbai",Sunrisers Hyderabad,Delhi Capitals,Sunrisers Hyderabad,field,Delhi Capitals,21.0,,12,win,League,DA Warner,False,True,Delhi Capitals,True
1304097,2022,6,Mumbai,2022-05-06,Indian Premier League,51,male,T20,T20,20,2022,club,"Brabourne Stadium, Mumbai",Gujarat Titans,Mumbai Indians,Gujarat Titans,field,Mumbai Indians,5.0,,6550,win,League,TH David,False,True,Mumbai Indians,True
1304098,2022,6,Mumbai,2022-05-07,Indian Premier League,52,male,T20,T20,20,2022,club,"Wankhede Stadium, Mumbai",Punjab Kings,Punjab Kings,Rajasthan Royals,bat,Rajasthan Royals,,6.0,4104,win,League,YBK Jaiswal,False,True,Punjab Kings,False
1304099,2022,6,Pune,2022-05-07,Indian Premier League,53,male,T20,T20,20,2022,club,"Maharashtra Cricket Association Stadium, Pune",Kolkata Knight Riders,Lucknow Super Giants,Kolkata Knight Riders,field,Lucknow Super Giants,75.0,,1286,win,League,Avesh Khan,False,True,Lucknow Super Giants,True
1304100,2022,6,Mumbai,2022-05-08,Indian Premier League,54,male,T20,T20,20,2022,club,"Wankhede Stadium, Mumbai",Royal Challengers Bengaluru,Royal Challengers Bengaluru,Sunrisers Hyderabad,bat,Royal Challengers Bengaluru,67.0,,5980,win,League,PWH de Silva,True,True,Royal Challengers Bengaluru,True
1304101,2022,6,Navi Mumbai,2022-05-08,Indian Premier League,55,male,T20,T20,20,2022,club,"Dr DY Patil Sports Academy, Mumbai",Delhi Capitals,Chennai Super Kings,Delhi Capitals,field,Chennai Super Kings,91.0,,6657,win,League,DP Conway,False,True,Chennai Super Kings,True
1304102,2022,6,Navi Mumbai,2022-05-09,Indian Premier League,56,male,T20,T20,20,2022,club,"Dr DY Patil Sports Academy, Mumbai",Mumbai Indians,Kolkata Knight Riders,Mumbai Indians,field,Kolkata Knight Riders,52.0,,33,win,League,JJ Bumrah,False,True,Kolkata Knight Riders,True
1304103,2022,6,Pune,2022-05-10,Indian Premier League,57,male,T20,T20,20,2022,club,"Maharashtra Cricket Association Stadium, Pune",Gujarat Titans,Gujarat Titans,Lucknow Super Giants,bat,Gujarat Titans,62.0,,1580,win,League,Shubman Gill,True,True,Gujarat Titans,True
1304104,2022,6,Navi Mumbai,2022-05-11,Indian Premier League,58,male,T20,T20,20,2022,club,"Dr DY Patil Sports Academy, Mumbai",Delhi Capitals,Rajasthan Royals,Delhi Capitals,field,Delhi Capitals,,8.0,4960,win,League,MR Marsh,True,False,Rajasthan Royals,False
1304105,2022,6,Mumbai,2022-05-12,Indian Premier League,59,male,T20,T20,20,2022,club,"Wankhede Stadium, Mumbai",Mumbai Indians,Chennai Super Kings,Mumbai Indians,field,Mumbai Indians,,5.0,4320,win,League,DR Sams,True,False,Chennai Super Kings,False
1304106,2022,6,Mumbai,2022-05-13,Indian Premier League,60,male,T20,T20,20,2022,club,"Brabourne Stadium, Mumbai",Royal Challengers Bengaluru,Punjab Kings,Royal Challengers Bengaluru,field,Punjab Kings,54.0,,2719,win,League,JM Bairstow,False,True,Punjab Kings,True
1304107,2022,6,Pune,2022-05-14,Indian Premier League,61,male,T20,T20,20,2022,club,"Maharashtra Cricket Association Stadium, Pune",Kolkata Knight Riders,Kolkata Knight Riders,Sunrisers Hyderabad,bat,Kolkata Knight Riders,54.0,,1437,win,League,AD Russell,True,True,Kolkata Knight Riders,True
1304108,2022,6,Mumbai,2022-05-15,Indian Premier League,62,male,T20,T20,20,2022,club,"Wankhede Stadium, Mumbai",Chennai Super Kings,Chennai Super Kings,Gujarat Titans,bat,Gujarat Titans,,7.0,69,win,League,WP Saha,False,True,Chennai Super Kings,False
1304109,2022,6,Mumbai,2022-05-15,Indian Premier League,63,male,T20,T20,20,2022,club,"Brabourne Stadium, Mumbai",Rajasthan Royals,Rajasthan Royals,Lucknow Super Giants,bat,Rajasthan Royals,24.0,,66,win,League,TA Boult,True,True,Rajasthan Royals,True
1304110,2022,6,Navi Mumbai,2022-05-16,Indian Premier League,64,male,T20,T20,20,2022,club,"Dr DY Patil Sports Academy, Mumbai",Punjab Kings,Delhi Capitals,Punjab Kings,field,Delhi Capitals,17.0,,360,win,League,SN Thakur,False,True,Delhi Capitals,True
1304111,2022,6,Mumbai,2022-05-17,Indian Premier League,65,male,T20,T20,20,2022,club,"Wankhede Stadium, Mumbai",Mumbai Indians,Sunrisers Hyderabad,Mumbai Indians,field,Sunrisers Hyderabad,3.0,,268,win,League,RA Tripathi,False,True,Sunrisers Hyderabad,True
1304112,2022,6,Navi Mumbai,2022-05-18,Indian Premier League,66,male,T20,T20,20,2022,club,"Dr DY Patil Sports Academy, Mumbai",Lucknow Super Giants,Lucknow Super Giants,Kolkata Knight Riders,bat,Lucknow Super Giants,2.0,,1421,win,League,Q de Kock,True,True,Lucknow Super Giants,True
1304113,2022,6,Mumbai,2022-05-19,Indian Premier League,67,male,T20,T20,20,2022,club,"Wankhede Stadium, Mumbai",Gujarat Titans,Gujarat Titans,Royal Challengers Bengaluru,bat,Royal Challengers Bengaluru,,8.0,332,win,League,V Kohli,False,True,Gujarat Titans,False
1304114,2022,6,Mumbai,2022-05-20,Indian Premier League,68,male,T20,T20,20,2022,club,"Brabourne Stadium, Mumbai",Chennai Super Kings,Chennai Super Kings,Rajasthan Royals,bat,Rajasthan Royals,,5.0,1416,win,League,R Ashwin,False,True,Chennai Super Kings,False
1304115,2022,6,Mumbai,2022-05-21,Indian Premier League,69,male,T20,T20,20,2022,club,"Wankhede Stadium, Mumbai",Mumbai Indians,Delhi Capitals,Mumbai Indians,field,Mumbai Indians,,5.0,33,win,League,JJ Bumrah,True,False,Delhi Capitals,False
1304116,2022,6,Mumbai,2022-05-22,Indian Premier League,70,male,T20,T20,20,2022,club,"Wankhede Stadium, Mumbai",Sunrisers Hyderabad,Sunrisers Hyderabad,Punjab Kings,bat,Punjab Kings,,5.0,3495,win,League,Harpreet Brar,False,True,Sunrisers Hyderabad,False
1312197,2022,6,Kolkata,2022-05-24,Indian Premier League,0,male,T20,T20,20,2022,club,"Eden Gardens, Kolkata",Gujarat Titans,Rajasthan Royals,Gujarat Titans,field,Gujarat Titans,,7.0,72,win,League,DA Miller,True,False,Rajasthan Royals,False
1312198,2022,6,Kolkata,2022-05-25,Indian Premier League,0,male,T20,T20,20,2022,club,"Eden Gardens, Kolkata",Lucknow Super Giants,Royal Challengers Bengaluru,Lucknow Super Giants,field,Royal Challengers Bengaluru,14.0,,5349,win,League,RM Patidar,False,True,Royal Challengers Bengaluru,True
1312199,2022,6,Ahmedabad,2022-05-27,Indian Premier League,0,male,T20,T20,20,2022,club,"Narendra Modi Stadium, Ahmedabad",Rajasthan Royals,Royal Challengers Bengaluru,Rajasthan Royals,field,Rajasthan Royals,,7.0,24,win,League,JC Buttler,True,False,Royal Challengers Bengaluru,False
1312200,2022,6,Ahmedabad,2022-05-29,Indian Premier League,0,male,T20,T20,20,2022,club,"Narendra Modi Stadium, Ahmedabad",Rajasthan Royals,Rajasthan Royals,Gujarat Titans,bat,Gujarat Titans,,7.0,30,win,League,HH Pandya,False,True,Rajasthan Royals,False
1359475,2023,6,Ahmedabad,2023-03-31,Indian Premier League,1,male,T20,T20,20,2023,club,"Narendra Modi Stadium, Ahmedabad",Gujarat Titans,Chennai Super Kings,Gujarat Titans,field,Gujarat Titans,,5.0,22,win,League,Rashid Khan,True,False,Chennai Super Kings,False
1359476,2023,6,Chandigarh,2023-04-01,Indian Premier League,2,male,T20,T20,20,2023,club,"Punjab Cricket Association IS Bindra Stadium, Mohali, Chandigarh",Kolkata Knight Riders,Punjab Kings,Kolkata Knight Riders,field,Punjab Kings,7.0,,3388,win,League,Arshdeep Singh,False,True,Punjab Kings,True
1359477,2023,6,Lucknow,2023-04-01,Indian Premier League,3,male,T20,T20,20,2023,club,"Bharat Ratna Shri Atal Bihari Vajpayee Ekana Cricket Stadium, Lucknow",Delhi Capitals,Lucknow Super Giants,Delhi Capitals,field,Lucknow Super Giants,50.0,,1396,win,League,MA Wood,False,True,Lucknow Super Giants,True
1359478,2023,6,Hyderabad,2023-04-02,Indian Premier League,4,male,T20,T20,20,2023,club,"Rajiv Gandhi International Stadium, Uppal, Hyderabad",Sunrisers Hyderabad,Rajasthan Royals,Sunrisers Hyderabad,field,Rajasthan Royals,72.0,,24,win,League,JC Buttler,False,True,Rajasthan Royals,True
1359479,2023,6,Bengaluru,2023-04-02,Indian Premier League,5,male,T20,T20,20,2023,club,"M Chinnaswamy Stadium, Bengaluru",Royal Challengers Bengaluru,Mumbai Indians,Royal Challengers Bengaluru,field,Royal Challengers Bengaluru,,8.0,267,win,League,F du Plessis,True,False,Mumbai Indians,False
1359480,2023,6,Chennai,2023-04-03,Indian Premier League,6,male,T20,T20,20,2023,club,"MA Chidambaram Stadium, Chepauk, Chennai",Lucknow Super Giants,Chennai Super Kings,Lucknow Super Giants,field,Chennai Super Kings,12.0,,2227,win,League,MM Ali,False,True,Chennai Super Kings,True
1359481,2023,6,Delhi,2023-04-04,Indian Premier League,7,male,T20,T20,20,2023,club,"Arun Jaitley Stadium, Delhi",Gujarat Titans,Delhi Capitals,Gujarat Titans,field,Gujarat Titans,,6.0,6999,win,League,B Sai Sudharsan,True,False,Delhi Capitals,False
1359482,2023,6,Guwahati,2023-04-05,Indian Premier League,8,male,T20,T20,20,2023,club,"Barsapara Cricket Stadium, Guwahati",Rajasthan Royals,Punjab Kings,Rajasthan Royals,field,Punjab Kings,5.0,,6245,win,League,NT Ellis,False,True,Punjab Kings,True
1359483,2023,6,Kolkata,2023-04-06,Indian Premier League,9,male,T20,T20,20,2023,club,"Eden Gardens, Kolkata",Royal Challengers Bengaluru,Kolkata Knight Riders,Royal Challengers Bengaluru,field,Kolkata Knight Riders,81.0,,360,win,League,SN Thakur,False,True,Kolkata Knight Riders,True
1359484,2023,6,Lucknow,2023-04-07,Indian Premier League,10,male,T20,T20,20,2023,club,"Bharat Ratna Shri Atal Bihari Vajpayee Ekana Cricket Stadium, Lucknow",Sunrisers Hyderabad,Sunrisers Hyderabad,Lucknow Super Giants,bat,Lucknow Super Giants,,5.0,28,win,League,KH Pandya,False,True,Sunrisers Hyderabad,False
1359485,2023,6,Guwahati,2023-04-08,Indian Premier League,11,male,T20,T20,20,2023,club,"Barsapara Cricket Stadium, Guwahati",Delhi Capitals,Rajasthan Royals,Delhi Capitals,field,Rajasthan Royals,57.0,,4104,win,League,YBK Jaiswal,False,True,Rajasthan Royals,True
1359486,2023,6,Mumbai,2023-04-08,Indian Premier League,12,male,T20,T20,20,2023,club,"Wankhede Stadium, Mumbai",Chennai Super Kings,Mumbai Indians,Chennai Super Kings,field,Chennai Super Kings,,7.0,348,win,League,RA Jadeja,True,False,Mumbai Indians,False
1359487,2023,6,Ahmedabad,2023-04-09,Indian Premier League,13,male,T20,T20,20,2023,club,"Narendra Modi Stadium, Ahmedabad",Gujarat Titans,Gujarat Titans,Kolkata Knight Riders,bat,Kolkata Knight Riders,,3.0,1436,win,League,RK Singh,False,True,Gujarat Titans,False
1359488,2023,6,Hyderabad,2023-04-09,Indian Premier League,14,male,T20,T20,20,2023,club,"Rajiv Gandhi International Stadium, Uppal, Hyderabad",Sunrisers Hyderabad,Punjab Kings,Sunrisers Hyderabad,field,Sunrisers Hyderabad,,8.0,13,win,League,S Dhawan,True,False,Punjab Kings,False
1359489,2023,6,Bengaluru,2023-04-10,Indian Premier League,15,male,T20,T20,20,2023,club,"M Chinnaswamy Stadium, Bengaluru",Lucknow Super Giants,Royal Challengers Bengaluru,Lucknow Super Giants,field,Lucknow Super Giants,,1.0,2766,win,League,N Pooran,True,False,Royal Challengers Bengaluru,False
1359490,2023,6,Delhi,2023-04-11,Indian Premier League,16,male,T20,T20,20,2023,club,"Arun Jaitley Stadium, Delhi",Mumbai Indians,Delhi Capitals,Mumbai Indians,field,Mumbai Indians,,6.0,25,win,League,RG Sharma,True,False,Delhi Capitals,False
1359491,2023,6,Chennai,2023-04-12,Indian Premier League,17,male,T20,T20,20,2023,club,"MA Chidambaram Stadium, Chepauk, Chennai",Chennai Super Kings,Rajasthan Royals,Chennai Super Kings,field,Rajasthan Royals,3.0,,1416,win,League,R Ashwin,False,True,Rajasthan Royals,True
1359492,2023,6,Chandigarh,2023-04-13,Indian Premier League,18,male,T20,T20,20,2023,club,"Punjab Cricket Association IS Bindra Stadium, Mohali, Chandigarh",Gujarat Titans,Punjab Kings,Gujarat Titans,field,Gujarat Titans,,6.0,75,win,League,MM Sharma,True,False,Punjab Kings,False
1359493,2023,6,Kolkata,2023-04-14,Indian Premier League,19,male,T20,T20,20,2023,club,"Eden Gardens, Kolkata",Kolkata Knight Riders,Sunrisers Hyderabad,Kolkata Knight Riders,field,Sunrisers Hyderabad,23.0,,8372,win,League,HC Brook,False,True,Sunrisers Hyderabad,True
1359494,2023,6,Bengaluru,2023-04-15,Indian Premier League,20,male,T20,T20,20,2023,club,"M Chinnaswamy Stadium, Bengaluru",Delhi Capitals,Royal Challengers Bengaluru,Delhi Capitals,field,Royal Challengers Bengaluru,23.0,,332,win,League,V Kohli,False,True,Royal Challengers Bengaluru,True
1359495,2023,6,Lucknow,2023-04-15,Indian Premier League,21,male,T20,T20,20,2023,club,"Bharat Ratna Shri Atal Bihari Vajpayee Ekana Cricket Stadium, Lucknow",Punjab Kings,Lucknow Super Giants,Punjab Kings,field,Punjab Kings,,2.0,8312,win,League,Sikandar Raza,True,False,Lucknow Super Giants,False
1359496,2023,6,Mumbai,2023-04-16,Indian Premier League,22,male,T20,T20,20,2023,club,"Wankhede Stadium, Mumbai",Mumbai Indians,Kolkata Knight Riders,Mumbai Indians,field,Mumbai Indians,,5.0,5986,win,League,VR Iyer,True,False,Kolkata Knight Riders,False
1359497,2023,6,Ahmedabad,2023-04-16,Indian Premier League,23,male,T20,T20,20,2023,club,"Narendra Modi Stadium, Ahmedabad",Rajasthan Royals,Gujarat Titans,Rajasthan Royals,field,Rajasthan Royals,,3.0,2700,win,League,SO Hetmyer,True,False,Gujarat Titans,False
1359498,2023,6,Bengaluru,2023-04-17,Indian Premier League,24,male,T20,T20,20,2023,club,"M Chinnaswamy Stadium, Bengaluru",Royal Challengers Bengaluru,Chennai Super Kings,Royal Challengers Bengaluru,field,Chennai Super Kings,8.0,,6657,win,League,DP Conway,False,True,Chennai Super Kings,True
1359499,2023,6,Hyderabad,2023-04-18,Indian Premier League,25,male,T20,T20,20,2023,club,"Rajiv Gandhi International Stadium, Uppal, Hyderabad",Sunrisers Hyderabad,Mumbai Indians,Sunrisers Hyderabad,field,Mumbai Indians,14.0,,8383,win,League,C Green,False,True,Mumbai Indians,True
1359500,2023,6,Jaipur,2023-04-19,Indian Premier League,26,male,T20,T20,20,2023,club,"Sawai Mansingh Stadium, Jaipur",Rajasthan Royals,Lucknow Super Giants,Rajasthan Royals,field,Lucknow Super Giants,10.0,,73,win,League,MP Stoinis,False,True,Lucknow Super Giants,True
1359501,2023,6,Chandigarh,2023-04-20,Indian Premier League,27,male,T20,T20,20,2023,club,"Punjab Cricket Association IS Bindra Stadium, Mohali, Chandigarh",Punjab Kings,Royal Challengers Bengaluru,Punjab Kings,field,Royal Challengers Bengaluru,24.0,,538,win,League,Mohammed Siraj,False,True,Royal Challengers Bengaluru,True
1359502,2023,6,Delhi,2023-04-20,Indian Premier League,28,male,T20,T20,20,2023,club,"Arun Jaitley Stadium, Delhi",Delhi Capitals,Kolkata Knight Riders,Delhi Capitals,field,Delhi Capitals,,4.0,308,win,League,I Sharma,True,False,Kolkata Knight Riders,False
1359503,2023,6,Chennai,2023-04-21,Indian Premier League,29,male,T20,T20,20,2023,club,"MA Chidambaram Stadium, Chepauk, Chennai",Chennai Super Kings,Sunrisers Hyderabad,Chennai Super Kings,field,Chennai Super Kings,,7.0,348,win,League,RA Jadeja,True,False,Sunrisers Hyderabad,False
1359504,2023,6,Lucknow,2023-04-22,Indian Premier League,30,male,T20,T20,20,2023,club,"Bharat Ratna Shri Atal Bihari Vajpayee Ekana Cricket Stadium, Lucknow",Gujarat Titans,Gujarat Titans,Lucknow Super Giants,bat,Gujarat Titans,7.0,,75,win,League,MM Sharma,True,True,Gujarat Titans,True
1359505,2023,6,Mumbai,2023-04-22,Indian Premier League,31,male,T20,T20,20,2023,club,"Wankhede Stadium, Mumbai",Mumbai Indians,Punjab Kings,Mumbai Indians,field,Punjab Kings,13.0,,2768,win,League,SM Curran,False,True,Punjab Kings,True
1359506,2023,6,Bengaluru,2023-04-23,Indian Premier League,32,male,T20,T20,20,2023,club,"M Chinnaswamy Stadium, Bengaluru",Rajasthan Royals,Royal Challengers Bengaluru,Rajasthan Royals,field,Royal Challengers Bengaluru,7.0,,71,win,League,GJ Maxwell,False,True,Royal Challengers Bengaluru,True
1359507,2023,6,Kolkata,2023-04-23,Indian Premier League,33,male,T20,T20,20,2023,club,"Eden Gardens, Kolkata",Kolkata Knight Riders,Chennai Super Kings,Kolkata Knight Riders,field,Chennai Super Kings,49.0,,34,win,League,AM Rahane,False,True,Chennai Super Kings,True
1359508,2023,6,Hyderabad,2023-04-24,Indian Premier League,34,male,T20,T20,20,2023,club,"Rajiv Gandhi International Stadium, Uppal, Hyderabad",Delhi Capitals,Delhi Capitals,Sunrisers Hyderabad,bat,Delhi Capitals,7.0,,70,win,League,AR Patel,True,True,Delhi Capitals,True
1359509,2023,6,Ahmedabad,2023-04-25,Indian Premier League,35,male,T20,T20,20,2023,club,"Narendra Modi Stadium, Ahmedabad",Mumbai Indians,Gujarat Titans,Mumbai Indians,field,Gujarat Titans,55.0,,6739,win,League,A Manohar,False,True,Gujarat Titans,True
1359510,2023,6,Bengaluru,2023-04-26,Indian Premier League,36,male,T20,T20,20,2023,club,"M Chinnaswamy Stadium, Bengaluru",Royal Challengers Bengaluru,Kolkata Knight Riders,Royal Challengers Bengaluru,field,Kolkata Knight Riders,21.0,,2825,win,League,CV Varun,False,True,Kolkata Knight Riders,True
1359511,2023,6,Jaipur,2023-04-27,Indian Premier League,37,male,T20,T20,20,2023,club,"Sawai Mansingh Stadium, Jaipur",Rajasthan Royals,Rajasthan Royals,Chennai Super Kings,bat,Rajasthan Royals,32.0,,4104,win,League,YBK Jaiswal,True,True,Rajasthan Royals,True
1359512,2023,6,Chandigarh,2023-04-28,Indian Premier League,38,male,T20,T20,20,2023,club,"Punjab Cricket Association IS Bindra Stadium, Mohali, Chandigarh",Punjab Kings,Lucknow Super Giants,Punjab Kings,field,Lucknow Super Giants,56.0,,73,win,League,MP Stoinis,False,True,Lucknow Super Giants,True
1359513,2023,6,Kolkata,2023-04-29,Indian Premier League,39,male,T20,T20,20,2023,club,"Eden Gardens, Kolkata",Gujarat Titans,Kolkata Knight Riders,Gujarat Titans,field,Gujarat Titans,,7.0,8305,win,League,J Little,True,False,Kolkata Knight Riders,False
1359514,2023,6,Delhi,2023-04-29,Indian Premier League,40,male,T20,T20,20,2023,club,"Arun Jaitley Stadium, Delhi",Sunrisers Hyderabad,Sunrisers Hyderabad,Delhi Capitals,bat,Sunrisers Hyderabad,9.0,,4960,win,League,MR Marsh,True,True,Sunrisers Hyderabad,True
1359515,2023,6,Chennai,2023-04-30,Indian Premier League,41,male,T20,T20,20,2023,club,"MA Chidambaram Stadium, Chepauk, Chennai",Chennai Super Kings,Chennai Super Kings,Punjab Kings,bat,Punjab Kings,,4.0,6657,win,League,DP Conway,False,True,Chennai Super Kings,False
1359516,2023,6,Mumbai,2023-04-30,Indian Premier League,42,male,T20,T20,20,2023,club,"Wankhede Stadium, Mumbai",Rajasthan Royals,Rajasthan Royals,Mumbai Indians,bat,Mumbai Indians,,6.0,4104,win,League,YBK Jaiswal,False,True,Rajasthan Royals,False
1359517,2023,6,Lucknow,2023-05-01,Indian Premier League,43,male,T20,T20,20,2023,club,"Bharat Ratna Shri Atal Bihari Vajpayee Ekana Cricket Stadium, Lucknow",Royal Challengers Bengaluru,Royal Challengers Bengaluru,Lucknow Super Giants,bat,Royal Challengers Bengaluru,18.0,,267,win,League,F du Plessis,True,True,Royal Challengers Bengaluru,True
1359518,2023,6,Ahmedabad,2023-05-02,Indian Premier League,44,male,T20,T20,20,2023,club,"Narendra Modi Stadium, Ahmedabad",Delhi Capitals,Delhi Capitals,Gujarat Titans,bat,Delhi Capitals,5.0,,460,win,League,Mohammed Shami,True,True,Delhi Capitals,True
1359519,2023,6,Lucknow,2023-05-03,Indian Premier League,45,male,T20,T20,20,2023,club,"Bharat Ratna Shri Atal Bihari Vajpayee Ekana Cricket Stadium, Lucknow",Chennai Super Kings,Lucknow Super Giants,Chennai Super Kings,field,,,,nan,no result,League,,False,True,Lucknow Super Giants,False
1359520,2023,6,Chandigarh,2023-05-03,Indian Premier League,46,male,T20,T20,20,2023,club,"Punjab Cricket Association IS Bindra Stadium, Mohali, Chandigarh",Mumbai Indians,Punjab Kings,Mumbai Indians,field,Mumbai Indians,,6.0,347,win,League,Ishan Kishan,True,False,Punjab Kings,False
1359521,2023,6,Hyderabad,2023-05-04,Indian Premier League,47,male,T20,T20,20,2023,club,"Rajiv Gandhi International Stadium, Uppal, Hyderabad",Kolkata Knight Riders,Kolkata Knight Riders,Sunrisers Hyderabad,bat,Kolkata Knight Riders,5.0,,2825,win,League,CV Varun,True,True,Kolkata Knight Riders,True
1359522,2023,6,Jaipur,2023-05-05,Indian Premier League,48,male,T20,T20,20,2023,club,"Sawai Mansingh Stadium, Jaipur",Rajasthan Royals,Rajasthan Royals,Gujarat Titans,bat,Gujarat Titans,,9.0,22,win,League,Rashid Khan,False,True,Rajasthan Royals,False
1359523,2023,6,Chennai,2023-05-06,Indian Premier League,49,male,T20,T20,20,2023,club,"MA Chidambaram Stadium, Chepauk, Chennai",Chennai Super Kings,Mumbai Indians,Chennai Super Kings,field,Chennai Super Kings,,6.0,8007,win,League,M Pathirana,True,False,Mumbai Indians,False
1359524,2023,6,Delhi,2023-05-06,Indian Premier League,50,male,T20,T20,20,2023,club,"Arun Jaitley Stadium, Delhi",Royal Challengers Bengaluru,Royal Challengers Bengaluru,Delhi Capitals,bat,Delhi Capitals,,7.0,8945,win,League,PD Salt,False,True,Royal Challengers Bengaluru,False
1359525,2023,6,Ahmedabad,2023-05-07,Indian Premier League,51,male,T20,T20,20,2023,club,"Narendra Modi Stadium, Ahmedabad",Lucknow Super Giants,Gujarat Titans,Lucknow Super Giants,field,Gujarat Titans,56.0,,1580,win,League,Shubman Gill,False,True,Gujarat Titans,True
1359526,2023,6,Jaipur,2023-05-07,Indian Premier League,52,male,T20,T20,20,2023,club,"Sawai Mansingh Stadium, Jaipur",Rajasthan Royals,Rajasthan Royals,Sunrisers Hyderabad,bat,Sunrisers Hyderabad,,4.0,6033,win,League,GD Phillips,False,True,Rajasthan Royals,False
1359527,2023,6,Kolkata,2023-05-08,Indian Premier League,53,male,T20,T20,20,2023,club,"Eden Gardens, Kolkata",Punjab Kings,Punjab Kings,Kolkata Knight Riders,bat,Kolkata Knight Riders,,5.0,1437,win,League,AD Russell,False,True,Punjab Kings,False
1359528,2023,6,Mumbai,2023-05-09,Indian Premier League,54,male,T20,T20,20,2023,club,"Wankhede Stadium, Mumbai",Mumbai Indians,Royal Challengers Bengaluru,Mumbai Indians,field,Mumbai Indians,,6.0,61,win,League,SA Yadav,True,False,Royal Challengers Bengaluru,False
1359529,2023,6,Chennai,2023-05-10,Indian Premier League,55,male,T20,T20,20,2023,club,"MA Chidambaram Stadium, Chepauk, Chennai",Chennai Super Kings,Chennai Super Kings,Delhi Capitals,bat,Chennai Super Kings,27.0,,348,win,League,RA Jadeja,True,True,Chennai Super Kings,True
1359530,2023,6,Kolkata,2023-05-11,Indian Premier League,56,male,T20,T20,20,2023,club,"Eden Gardens, Kolkata",Rajasthan Royals,Kolkata Knight Riders,Rajasthan Royals,field,Rajasthan Royals,,9.0,4104,win,League,YBK Jaiswal,True,False,Kolkata Knight Riders,False
1359531,2023,6,Mumbai,2023-05-12,Indian Premier League,57,male,T20,T20,20,2023,club,"Wankhede Stadium, Mumbai",Gujarat Titans,Mumbai Indians,Gujarat Titans,field,Mumbai Indians,27.0,,61,win,League,SA Yadav,False,True,Mumbai Indians,True
1359532,2023,6,Hyderabad,2023-05-13,Indian Premier League,58,male,T20,T20,20,2023,club,"Rajiv Gandhi International Stadium, Uppal, Hyderabad",Sunrisers Hyderabad,Sunrisers Hyderabad,Lucknow Super Giants,bat,Lucknow Super Giants,,7.0,8191,win,League,PN Mankad,False,True,Sunrisers Hyderabad,False
1359533,2023,6,Delhi,2023-05-13,Indian Premier League,59,male,T20,T20,20,2023,club,"Arun Jaitley Stadium, Delhi",Delhi Capitals,Punjab Kings,Delhi Capitals,field,Punjab Kings,31.0,,3747,win,League,P Simran Singh,False,True,Punjab Kings,True
1359534,2023,6,Jaipur,2023-05-14,Indian Premier League,60,male,T20,T20,20,2023,club,"Sawai Mansingh Stadium, Jaipur",Royal Challengers Bengaluru,Royal Challengers Bengaluru,Rajasthan Royals,bat,Royal Challengers Bengaluru,112.0,,8626,win,League,WD Parnell,True,True,Royal Challengers Bengaluru,True
1359535,2023,6,Chennai,2023-05-14,Indian Premier League,61,male,T20,T20,20,2023,club,"MA Chidambaram Stadium, Chepauk, Chennai",Chennai Super Kings,Chennai Super Kings,Kolkata Knight Riders,bat,Kolkata Knight Riders,,6.0,1436,win,League,RK Singh,False,True,Chennai Super Kings,False
1359536,2023,6,Ahmedabad,2023-05-15,Indian Premier League,62,male,T20,T20,20,2023,club,"Narendra Modi Stadium, Ahmedabad",Sunrisers Hyderabad,Gujarat Titans,Sunrisers Hyderabad,field,Gujarat Titans,34.0,,1580,win,League,Shubman Gill,False,True,Gujarat Titans,True
1359537,2023,6,Lucknow,2023-05-16,Indian Premier League,63,male,T20,T20,20,2023,club,"Bharat Ratna Shri Atal Bihari Vajpayee Ekana Cricket Stadium, Lucknow",Mumbai Indians,Lucknow Super Giants,Mumbai Indians,field,Lucknow Super Giants,5.0,,73,win,League,MP Stoinis,False,True,Lucknow Super Giants,True
1359538,2023,6,Dharamsala,2023-05-17,Indian Premier League,64,male,T20,T20,20,2023,club,"Himachal Pradesh Cricket Association Stadium, Dharamsala",Punjab Kings,Delhi Capitals,Punjab Kings,field,Delhi Capitals,15.0,,8349,win,League,RR Rossouw,False,True,Delhi Capitals,True
1359539,2023,6,Hyderabad,2023-05-18,Indian Premier League,65,male,T20,T20,20,2023,club,"Rajiv Gandhi International Stadium, Uppal, Hyderabad",Royal Challengers Bengaluru,Sunrisers Hyderabad,Royal Challengers Bengaluru,field,Royal Challengers Bengaluru,,8.0,332,win,League,V Kohli,True,False,Sunrisers Hyderabad,False
1359540,2023,6,Dharamsala,2023-05-19,Indian Premier League,66,male,T20,T20,20,2023,club,"Himachal Pradesh Cricket Association Stadium, Dharamsala",Rajasthan Royals,Punjab Kings,Rajasthan Royals,field,Rajasthan Royals,,4.0,4071,win,League,D Padikkal,True,False,Punjab Kings,False
1359541,2023,6,Delhi,2023-05-20,Indian Premier League,67,male,T20,T20,20,2023,club,"Arun Jaitley Stadium, Delhi",Chennai Super Kings,Chennai Super Kings,Delhi Capitals,bat,Chennai Super Kings,77.0,,4119,win,League,RD Gaikwad,True,True,Chennai Super Kings,True
1359542,2023,6,Kolkata,2023-05-20,Indian Premier League,68,male,T20,T20,20,2023,club,"Eden Gardens, Kolkata",Kolkata Knight Riders,Lucknow Super Giants,Kolkata Knight Riders,field,Lucknow Super Giants,1.0,,2766,win,League,N Pooran,False,True,Lucknow Super Giants,True
1359543,2023,6,Mumbai,2023-05-21,Indian Premier League,69,male,T20,T20,20,2023,club,"Wankhede Stadium, Mumbai",Mumbai Indians,Sunrisers Hyderabad,Mumbai Indians,field,Mumbai Indians,,8.0,8383,win,League,C Green,True,False,Sunrisers Hyderabad,False
1359544,2023,6,Bengaluru,2023-05-21,Indian Premier League,70,male,T20,T20,20,2023,club,"M Chinnaswamy Stadium, Bengaluru",Gujarat Titans,Royal Challengers Bengaluru,Gujarat Titans,field,Gujarat Titans,,6.0,1580,win,League,Shubman Gill,True,False,Royal Challengers Bengaluru,False
1370350,2023,6,Chennai,2023-05-23,Indian Premier League,0,male,T20,T20,20,2023,club,"MA Chidambaram Stadium, Chepauk, Chennai",Gujarat Titans,Chennai Super Kings,Gujarat Titans,field,Chennai Super Kings,15.0,,4119,win,League,RD Gaikwad,False,True,Chennai Super Kings,True
1370351,2023,6,Chennai,2023-05-24,Indian Premier League,0,male,T20,T20,20,2023,club,"MA Chidambaram Stadium, Chepauk, Chennai",Mumbai Indians,Mumbai Indians,Lucknow Super Giants,bat,Mumbai Indians,81.0,,9371,win,League,Akash Madhwal,True,True,Mumbai Indians,True
1370352,2023,6,Ahmedabad,2023-05-26,Indian Premier League,0,male,T20,T20,20,2023,club,"Narendra Modi Stadium, Ahmedabad",Mumbai Indians,Gujarat Titans,Mumbai Indians,field,Gujarat Titans,62.0,,1580,win,League,Shubman Gill,False,True,Gujarat Titans,True
1370353,2023,6,Ahmedabad,2023-05-29,Indian Premier League,0,male,T20,T20,20,2023,club,"Narendra Modi Stadium, Ahmedabad",Chennai Super Kings,Gujarat Titans,Chennai Super Kings,field,Chennai Super Kings,,5.0,6657,win,League,DP Conway,True,False,Gujarat Titans,False
1422119,2024,6,Chennai,2024-03-22,Indian Premier League,1,male,T20,T20,20,2024,club,"MA Chidambaram Stadium, Chepauk, Chennai",Royal Challengers Bengaluru,Royal Challengers Bengaluru,Chennai Super Kings,bat,Chennai Super Kings,,6.0,297,win,League,Mustafizur Rahman,False,True,Royal Challengers Bengaluru,False
1422120,2024,6,Mohali,2024-03-23,Indian Premier League,2,male,T20,T20,20,2024,club,"Maharaja Yadavindra Singh International Cricket Stadium, Mullanpur",Punjab Kings,Delhi Capitals,Punjab Kings,field,Punjab Kings,,4.0,2768,win,League,SM Curran,True,False,Delhi Capitals,False
1422121,2024,6,Kolkata,2024-03-23,Indian Premier League,3,male,T20,T20,20,2024,club,"Eden Gardens, Kolkata",Sunrisers Hyderabad,Kolkata Knight Riders,Sunrisers Hyderabad,field,Kolkata Knight Riders,4.0,,1437,win,League,AD Russell,False,True,Kolkata Knight Riders,True
1422122,2024,6,Jaipur,2024-03-24,Indian Premier League,4,male,T20,T20,20,2024,club,"Sawai Mansingh Stadium, Jaipur",Rajasthan Royals,Rajasthan Royals,Lucknow Super Giants,bat,Rajasthan Royals,20.0,,180,win,League,SV Samson,True,True,Rajasthan Royals,True
1422123,2024,6,Ahmedabad,2024-03-24,Indian Premier League,5,male,T20,T20,20,2024,club,"Narendra Modi Stadium, Ahmedabad",Mumbai Indians,Gujarat Titans,Mumbai Indians,field,Gujarat Titans,6.0,,6999,win,League,B Sai Sudharsan,False,True,Gujarat Titans,True
1422124,2024,6,Bengaluru,2024-03-25,Indian Premier League,6,male,T20,T20,20,2024,club,"M Chinnaswamy Stadium, Bengaluru",Royal Challengers Bengaluru,Punjab Kings,Royal Challengers Bengaluru,field,Royal Challengers Bengaluru,,4.0,332,win,League,V Kohli,True,False,Punjab Kings,False
1422125,2024,6,Chennai,2024-03-26,Indian Premier League,7,male,T20,T20,20,2024,club,"MA Chidambaram Stadium, Chepauk, Chennai",Gujarat Titans,Chennai Super Kings,Gujarat Titans,field,Chennai Super Kings,63.0,,2701,win,League,S Dube,False,True,Chennai Super Kings,True
1422126,2024,6,Hyderabad,2024-03-27,Indian Premier League,8,male,T20,T20,20,2024,club,"Rajiv Gandhi International Stadium, Uppal, Hyderabad",Mumbai Indians,Sunrisers Hyderabad,Mumbai Indians,field,Sunrisers Hyderabad,31.0,,2349,win,League,Abhishek Sharma,False,True,Sunrisers Hyderabad,True
1422127,2024,6,Jaipur,2024-03-28,Indian Premier League,9,male,T20,T20,20,2024,club,"Sawai Mansingh Stadium, Jaipur",Delhi Capitals,Rajasthan Royals,Delhi Capitals,field,Rajasthan Royals,12.0,,3230,win,League,R Parag,False,True,Rajasthan Royals,True
1422128,2024,6,Bengaluru,2024-03-29,Indian Premier League,10,male,T20,T20,20,2024,club,"M Chinnaswamy Stadium, Bengaluru",Kolkata Knight Riders,Royal Challengers Bengaluru,Kolkata Knight Riders,field,Kolkata Knight Riders,,7.0,65,win,League,SP Narine,True,False,Royal Challengers Bengaluru,False
1422129,2024,6,Lucknow,2024-03-30,Indian Premier League,11,male,T20,T20,20,2024,club,"Bharat Ratna Shri Atal Bihari Vajpayee Ekana Cricket Stadium, Lucknow",Lucknow Super Giants,Lucknow Super Giants,Punjab Kings,bat,Lucknow Super Giants,21.0,,10302,win,League,MP Yadav,True,True,Lucknow Super Giants,True
1422130,2024,6,Ahmedabad,2024-03-31,Indian Premier League,12,male,T20,T20,20,2024,club,"Narendra Modi Stadium, Ahmedabad",Sunrisers Hyderabad,Sunrisers Hyderabad,Gujarat Titans,bat,Gujarat Titans,,7.0,75,win,League,MM Sharma,False,True,Sunrisers Hyderabad,False
1422131,2024,6,Visakhapatnam,2024-03-31,Indian Premier League,13,male,T20,T20,20,2024,club,"Dr. Y.S. Rajasekhara Reddy ACA-VDCA Cricket Stadium, Visakhapatnam",Delhi Capitals,Delhi Capitals,Chennai Super Kings,bat,Delhi Capitals,20.0,,2662,win,League,KK Ahmed,True,True,Delhi Capitals,True
1422132,2024,6,Mumbai,2024-04-01,Indian Premier League,14,male,T20,T20,20,2024,club,"Wankhede Stadium, Mumbai",Rajasthan Royals,Mumbai Indians,Rajasthan Royals,field,Rajasthan Royals,,6.0,66,win,League,TA Boult,True,False,Mumbai Indians,False
1422133,2024,6,Bengaluru,2024-04-02,Indian Premier League,15,male,T20,T20,20,2024,club,"M Chinnaswamy Stadium, Bengaluru",Royal Challengers Bengaluru,Lucknow Super Giants,Royal Challengers Bengaluru,field,Lucknow Super Giants,28.0,,10302,win,League,MP Yadav,False,True,Lucknow Super Giants,True
1422134,2024,6,Visakhapatnam,2024-04-03,Indian Premier League,16,male,T20,T20,20,2024,club,"Dr. Y.S. Rajasekhara Reddy ACA-VDCA Cricket Stadium, Visakhapatnam",Kolkata Knight Riders,Kolkata Knight Riders,Delhi Capitals,bat,Kolkata Knight Riders,106.0,,65,win,League,SP Narine,True,True,Kolkata Knight Riders,True
1422135,2024,6,Ahmedabad,2024-04-04,Indian Premier League,17,male,T20,T20,20,2024,club,"Narendra Modi Stadium, Ahmedabad",Punjab Kings,Gujarat Titans,Punjab Kings,field,Punjab Kings,,3.0,7024,win,League,Shashank Singh,True,False,Gujarat Titans,False
1422136,2024,6,Hyderabad,2024-04-05,Indian Premier League,18,male,T20,T20,20,2024,club,"Rajiv Gandhi International Stadium, Uppal, Hyderabad",Sunrisers Hyderabad,Chennai Super Kings,Sunrisers Hyderabad,field,Sunrisers Hyderabad,,6.0,2349,win,League,Abhishek Sharma,True,False,Chennai Super Kings,False
1422137,2024,6,Jaipur,2024-04-06,Indian Premier League,19,male,T20,T20,20,2024,club,"Sawai Mansingh Stadium, Jaipur",Rajasthan Royals,Royal Challengers Bengaluru,Rajasthan Royals,field,Rajasthan Royals,,6.0,24,win,League,JC Buttler,True,False,Royal Challengers Bengaluru,False
1422138,2024,6,Mumbai,2024-04-07,Indian Premier League,20,male,T20,T20,20,2024,club,"Wankhede Stadium, Mumbai",Delhi Capitals,Mumbai Indians,Delhi Capitals,field,Mumbai Indians,29.0,,6761,win,League,R Shepherd,False,True,Mumbai Indians,True
1422139,2024,6,Lucknow,2024-04-07,Indian Premier League,21,male,T20,T20,20,2024,club,"Bharat Ratna Shri Atal Bihari Vajpayee Ekana Cricket Stadium, Lucknow",Lucknow Super Giants,Lucknow Super Giants,Gujarat Titans,bat,Lucknow Super Giants,33.0,,8425,win,League,Yash Thakur,True,True,Lucknow Super Giants,True
1426260,2024,6,Chennai,2024-04-08,Indian Premier League,22,male,T20,T20,20,2024,club,"MA Chidambaram Stadium, Chepauk, Chennai",Chennai Super Kings,Kolkata Knight Riders,Chennai Super Kings,field,Chennai Super Kings,,7.0,348,win,League,RA Jadeja,True,False,Kolkata Knight Riders,False
1426261,2024,6,Mohali,2024-04-09,Indian Premier League,23,male,T20,T20,20,2024,club,"Maharaja Yadavindra Singh International Cricket Stadium, Mullanpur",Punjab Kings,Sunrisers Hyderabad,Punjab Kings,field,Sunrisers Hyderabad,2.0,,9824,win,League,Nithish Kumar Reddy,False,True,Sunrisers Hyderabad,True
1426262,2024,6,Jaipur,2024-04-10,Indian Premier League,24,male,T20,T20,20,2024,club,"Sawai Mansingh Stadium, Jaipur",Gujarat Titans,Rajasthan Royals,Gujarat Titans,field,Gujarat Titans,,3.0,22,win,League,Rashid Khan,True,False,Rajasthan Royals,False
1426263,2024,6,Mumbai,2024-04-11,Indian Premier League,25,male,T20,T20,20,2024,club,"Wankhede Stadium, Mumbai",Mumbai Indians,Royal Challengers Bengaluru,Mumbai Indians,field,Mumbai Indians,,7.0,33,win,League,JJ Bumrah,True,False,Royal Challengers Bengaluru,False
1426264,2024,6,Lucknow,2024-04-12,Indian Premier League,26,male,T20,T20,20,2024,club,"Bharat Ratna Shri Atal Bihari Vajpayee Ekana Cricket Stadium, Lucknow",Lucknow Super Giants,Lucknow Super Giants,Delhi Capitals,bat,Delhi Capitals,,6.0,64,win,League,Kuldeep Yadav,False,True,Lucknow Super Giants,False
1426265,2024,6,Mohali,2024-04-13,Indian Premier League,27,male,T20,T20,20,2024,club,"Maharaja Yadavindra Singh International Cricket Stadium, Mullanpur",Rajasthan Royals,Punjab Kings,Rajasthan Royals,field,Rajasthan Royals,,3.0,2700,win,League,SO Hetmyer,True,False,Punjab Kings,False
1426266,2024,6,Kolkata,2024-04-14,Indian Premier League,28,male,T20,T20,20,2024,club,"Eden Gardens, Kolkata",Kolkata Knight Riders,Lucknow Super Giants,Kolkata Knight Riders,field,Kolkata Knight Riders,,8.0,8945,win,League,PD Salt,True,False,Lucknow Super Giants,False
1426267,2024,6,Mumbai,2024-04-14,Indian Premier League,29,male,T20,T20,20,2024,club,"Wankhede Stadium, Mumbai",Mumbai Indians,Chennai Super Kings,Mumbai Indians,field,Chennai Super Kings,20.0,,8007,win,League,M Pathirana,False,True,Chennai Super Kings,True
1426268,2024,6,Bengaluru,2024-04-15,Indian Premier League,30,male,T20,T20,20,2024,club,"M Chinnaswamy Stadium, Bengaluru",Royal Challengers Bengaluru,Sunrisers Hyderabad,Royal Challengers Bengaluru,field,Sunrisers Hyderabad,25.0,,3,win,League,TM Head,False,True,Sunrisers Hyderabad,True
1426269,2024,6,Kolkata,2024-04-16,Indian Premier League,31,male,T20,T20,20,2024,club,"Eden Gardens, Kolkata",Rajasthan Royals,Kolkata Knight Riders,Rajasthan Royals,field,Rajasthan Royals,,2.0,24,win,League,JC Buttler,True,False,Kolkata Knight Riders,False
1426270,2024,6,Ahmedabad,2024-04-17,Indian Premier League,32,male,T20,T20,20,2024,club,"Narendra Modi Stadium, Ahmedabad",Delhi Capitals,Gujarat Titans,Delhi Capitals,field,Delhi Capitals,,6.0,181,win,League,RR Pant,True,False,Gujarat Titans,False
1426271,2024,6,Mohali,2024-04-18,Indian Premier League,33,male,T20,T20,20,2024,club,"Maharaja Yadavindra Singh International Cricket Stadium, Mullanpur",Punjab Kings,Mumbai Indians,Punjab Kings,field,Mumbai Indians,9.0,,33,win,League,JJ Bumrah,False,True,Mumbai Indians,True
1426272,2024,6,Lucknow,2024-04-19,Indian Premier League,34,male,T20,T20,20,2024,club,"Bharat Ratna Shri Atal Bihari Vajpayee Ekana Cricket Stadium, Lucknow",Lucknow Super Giants,Chennai Super Kings,Lucknow Super Giants,field,Lucknow Super Giants,,8.0,1409,win,League,KL Rahul,True,False,Chennai Super Kings,False
1426273,2024,6,Delhi,2024-04-20,Indian Premier League,35,male,T20,T20,20,2024,club,"Arun Jaitley Stadium, Delhi",Delhi Capitals,Sunrisers Hyderabad,Delhi Capitals,field,Sunrisers Hyderabad,67.0,,3,win,League,TM Head,False,True,Sunrisers Hyderabad,True
1426274,2024,6,Kolkata,2024-04-21,Indian Premier League,36,male,T20,T20,20,2024,club,"Eden Gardens, Kolkata",Royal Challengers Bengaluru,Kolkata Knight Riders,Royal Challengers Bengaluru,field,Kolkata Knight Riders,1.0,,1437,win,League,AD Russell,False,True,Kolkata Knight Riders,True
1426275,2024,6,Mohali,2024-04-21,Indian Premier League,37,male,T20,T20,20,2024,club,"Maharaja Yadavindra Singh International Cricket Stadium, Mullanpur",Punjab Kings,Punjab Kings,Gujarat Titans,bat,Gujarat Titans,,3.0,7895,win,League,R Sai Kishore,False,True,Punjab Kings,False
1426276,2024,6,Jaipur,2024-04-22,Indian Premier League,38,male,T20,T20,20,2024,club,"Sawai Mansingh Stadium, Jaipur",Mumbai Indians,Mumbai Indians,Rajasthan Royals,bat,Rajasthan Royals,,9.0,76,win,League,Sandeep Sharma,False,True,Mumbai Indians,False
1426277,2024,6,Chennai,2024-04-23,Indian Premier League,39,male,T20,T20,20,2024,club,"MA Chidambaram Stadium, Chepauk, Chennai",Lucknow Super Giants,Chennai Super Kings,Lucknow Super Giants,field,Lucknow Super Giants,,6.0,73,win,League,MP Stoinis,True,False,Chennai Super Kings,False
1426278,2024,6,Delhi,2024-04-24,Indian Premier League,40,male,T20,T20,20,2024,club,"Arun Jaitley Stadium, Delhi",Gujarat Titans,Delhi Capitals,Gujarat Titans,field,Delhi Capitals,4.0,,181,win,League,RR Pant,False,True,Delhi Capitals,True
1426279,2024,6,Hyderabad,2024-04-25,Indian Premier League,41,male,T20,T20,20,2024,club,"Rajiv Gandhi International Stadium, Uppal, Hyderabad",Royal Challengers Bengaluru,Royal Challengers Bengaluru,Sunrisers Hyderabad,bat,Royal Challengers Bengaluru,35.0,,5349,win,League,RM Patidar,True,True,Royal Challengers Bengaluru,True
1426280,2024,6,Kolkata,2024-04-26,Indian Premier League,42,male,T20,T20,20,2024,club,"Eden Gardens, Kolkata",Punjab Kings,Kolkata Knight Riders,Punjab Kings,field,Punjab Kings,,8.0,2719,win,League,JM Bairstow,True,False,Kolkata Knight Riders,False
1426281,2024,6,Delhi,2024-04-27,Indian Premier League,43,male,T20,T20,20,2024,club,"Arun Jaitley Stadium, Delhi",Mumbai Indians,Delhi Capitals,Mumbai Indians,field,Delhi Capitals,10.0,,10667,win,League,J Fraser-McGurk,False,True,Delhi Capitals,True
1426282,2024,6,Lucknow,2024-04-27,Indian Premier League,44,male,T20,T20,20,2024,club,"Bharat Ratna Shri Atal Bihari Vajpayee Ekana Cricket Stadium, Lucknow",Rajasthan Royals,Lucknow Super Giants,Rajasthan Royals,field,Rajasthan Royals,,7.0,180,win,League,SV Samson,True,False,Lucknow Super Giants,False
1426283,2024,6,Ahmedabad,2024-04-28,Indian Premier League,45,male,T20,T20,20,2024,club,"Narendra Modi Stadium, Ahmedabad",Royal Challengers Bengaluru,Gujarat Titans,Royal Challengers Bengaluru,field,Royal Challengers Bengaluru,,9.0,10630,win,League,WG Jacks,True,False,Gujarat Titans,False
1426284,2024,6,Chennai,2024-04-28,Indian Premier League,46,male,T20,T20,20,2024,club,"MA Chidambaram Stadium, Chepauk, Chennai",Sunrisers Hyderabad,Chennai Super Kings,Sunrisers Hyderabad,field,Chennai Super Kings,78.0,,4119,win,League,RD Gaikwad,False,True,Chennai Super Kings,True
1426285,2024,6,Kolkata,2024-04-29,Indian Premier League,47,male,T20,T20,20,2024,club,"Eden Gardens, Kolkata",Delhi Capitals,Delhi Capitals,Kolkata Knight Riders,bat,Kolkata Knight Riders,,7.0,2825,win,League,CV Varun,False,True,Delhi Capitals,False
1426286,2024,6,Lucknow,2024-04-30,Indian Premier League,48,male,T20,T20,20,2024,club,"Bharat Ratna Shri Atal Bihari Vajpayee Ekana Cricket Stadium, Lucknow",Lucknow Super Giants,Mumbai Indians,Lucknow Super Giants,field,Lucknow Super Giants,,4.0,73,win,League,MP Stoinis,True,False,Mumbai Indians,False
1426287,2024,6,Chennai,2024-05-01,Indian Premier League,49,male,T20,T20,20,2024,club,"MA Chidambaram Stadium, Chepauk, Chennai",Punjab Kings,Chennai Super Kings,Punjab Kings,field,Punjab Kings,,7.0,3495,win,League,Harpreet Brar,True,False,Chennai Super Kings,False
1426288,2024,6,Hyderabad,2024-05-02,Indian Premier League,50,male,T20,T20,20,2024,club,"Rajiv Gandhi International Stadium, Uppal, Hyderabad",Sunrisers Hyderabad,Sunrisers Hyderabad,Rajasthan Royals,bat,Sunrisers Hyderabad,1.0,,20,win,League,B Kumar,True,True,Sunrisers Hyderabad,True
1426289,2024,6,Mumbai,2024-05-03,Indian Premier League,51,male,T20,T20,20,2024,club,"Wankhede Stadium, Mumbai",Mumbai Indians,Kolkata Knight Riders,Mumbai Indians,field,Kolkata Knight Riders,24.0,,5986,win,League,VR Iyer,False,True,Kolkata Knight Riders,True
1426290,2024,6,Bengaluru,2024-05-04,Indian Premier League,52,male,T20,T20,20,2024,club,"M Chinnaswamy Stadium, Bengaluru",Royal Challengers Bengaluru,Gujarat Titans,Royal Challengers Bengaluru,field,Royal Challengers Bengaluru,,4.0,538,win,League,Mohammed Siraj,True,False,Gujarat Titans,False
1426291,2024,6,Dharamsala,2024-05-05,Indian Premier League,53,male,T20,T20,20,2024,club,"Himachal Pradesh Cricket Association Stadium, Dharamsala",Punjab Kings,Chennai Super Kings,Punjab Kings,field,Chennai Super Kings,28.0,,348,win,League,RA Jadeja,False,True,Chennai Super Kings,True
1426292,2024,6,Lucknow,2024-05-05,Indian Premier League,54,male,T20,T20,20,2024,club,"Bharat Ratna Shri Atal Bihari Vajpayee Ekana Cricket Stadium, Lucknow",Lucknow Super Giants,Kolkata Knight Riders,Lucknow Super Giants,field,Kolkata Knight Riders,98.0,,65,win,League,SP Narine,False,True,Kolkata Knight Riders,True
1426293,2024,6,Mumbai,2024-05-06,Indian Premier League,55,male,T20,T20,20,2024,club,"Wankhede Stadium, Mumbai",Mumbai Indians,Sunrisers Hyderabad,Mumbai Indians,field,Mumbai Indians,,7.0,61,win,League,SA Yadav,True,False,Sunrisers Hyderabad,False
1426294,2024,6,Delhi,2024-05-07,Indian Premier League,56,male,T20,T20,20,2024,club,"Arun Jaitley Stadium, Delhi",Rajasthan Royals,Delhi Capitals,Rajasthan Royals,field,Delhi Capitals,20.0,,64,win,League,Kuldeep Yadav,False,True,Delhi Capitals,True
1426295,2024,6,Hyderabad,2024-05-08,Indian Premier League,57,male,T20,T20,20,2024,club,"Rajiv Gandhi International Stadium, Uppal, Hyderabad",Lucknow Super Giants,Lucknow Super Giants,Sunrisers Hyderabad,bat,Sunrisers Hyderabad,,10.0,3,win,League,TM Head,False,True,Lucknow Super Giants,False
1426296,2024,6,Dharamsala,2024-05-09,Indian Premier League,58,male,T20,T20,20,2024,club,"Himachal Pradesh Cricket Association Stadium, Dharamsala",Punjab Kings,Royal Challengers Bengaluru,Punjab Kings,field,Royal Challengers Bengaluru,60.0,,332,win,League,V Kohli,False,True,Royal Challengers Bengaluru,True
1426297,2024,6,Ahmedabad,2024-05-10,Indian Premier League,59,male,T20,T20,20,2024,club,"Narendra Modi Stadium, Ahmedabad",Chennai Super Kings,Gujarat Titans,Chennai Super Kings,field,Gujarat Titans,35.0,,1580,win,League,Shubman Gill,False,True,Gujarat Titans,True
1426298,2024,6,Kolkata,2024-05-11,Indian Premier League,60,male,T20,T20,20,2024,club,"Eden Gardens, Kolkata",Mumbai Indians,Kolkata Knight Riders,Mumbai Indians,field,Kolkata Knight Riders,18.0,,2825,win,League,CV Varun,False,True,Kolkata Knight Riders,True
1426299,2024,6,Chennai,2024-05-12,Indian Premier League,61,male,T20,T20,20,2024,club,"MA Chidambaram Stadium, Chepauk, Chennai",Rajasthan Royals,Rajasthan Royals,Chennai Super Kings,bat,Chennai Super Kings,,5.0,7652,win,League,Simarjeet Singh,False,True,Rajasthan Royals,False
1426300,2024,6,Bengaluru,2024-05-12,Indian Premier League,62,male,T20,T20,20,2024,club,"M Chinnaswamy Stadium, Bengaluru",Delhi Capitals,Royal Challengers Bengaluru,Delhi Capitals,field,Royal Challengers Bengaluru,47.0,,8383,win,League,C Green,False,True,Royal Challengers Bengaluru,True
1426302,2024,6,Delhi,2024-05-14,Indian Premier League,64,male,T20,T20,20,2024,club,"Arun Jaitley Stadium, Delhi",Lucknow Super Giants,Delhi Capitals,Lucknow Super Giants,field,Delhi Capitals,19.0,,308,win,League,I Sharma,False,True,Delhi Capitals,True
1426303,2024,6,Guwahati,2024-05-15,Indian Premier League,65,male,T20,T20,20,2024,club,"Barsapara Cricket Stadium, Guwahati",Rajasthan Royals,Rajasthan Royals,Punjab Kings,bat,Punjab Kings,,5.0,2768,win,League,SM Curran,False,True,Rajasthan Royals,False
1426305,2024,6,Mumbai,2024-05-17,Indian Premier League,67,male,T20,T20,20,2024,club,"Wankhede Stadium, Mumbai",Mumbai Indians,Lucknow Super Giants,Mumbai Indians,field,Lucknow Super Giants,18.0,,2766,win,League,N Pooran,False,True,Lucknow Super Giants,True
1426306,2024,6,Bengaluru,2024-05-18,Indian Premier League,68,male,T20,T20,20,2024,club,"M Chinnaswamy Stadium, Bengaluru",Chennai Super Kings,Royal Challengers Bengaluru,Chennai Super Kings,field,Royal Challengers Bengaluru,27.0,,267,win,League,F du Plessis,False,True,Royal Challengers Bengaluru,True
1426307,2024,6,Hyderabad,2024-05-19,Indian Premier League,69,male,T20,T20,20,2024,club,"Rajiv Gandhi International Stadium, Uppal, Hyderabad",Punjab Kings,Punjab Kings,Sunrisers Hyderabad,bat,Sunrisers Hyderabad,,4.0,2349,win,League,Abhishek Sharma,False,True,Punjab Kings,False
1426309,2024,6,Ahmedabad,2024-05-21,Indian Premier League,0,male,T20,T20,20,2024,club,"Narendra Modi Stadium, Ahmedabad",Sunrisers Hyderabad,Sunrisers Hyderabad,Kolkata Knight Riders,bat,Kolkata Knight Riders,,8.0,10109,win,League,MA Starc,False,True,Sunrisers Hyderabad,False
1426310,2024,6,Ahmedabad,2024-05-22,Indian Premier League,0,male,T20,T20,20,2024,club,"Narendra Modi Stadium, Ahmedabad",Rajasthan Royals,Royal Challengers Bengaluru,Rajasthan Royals,field,Rajasthan Royals,,4.0,1416,win,League,R Ashwin,True,False,Royal Challengers Bengaluru,False
1426311,2024,6,Chennai,2024-05-24,Indian Premier League,0,male,T20,T20,20,2024,club,"MA Chidambaram Stadium, Chepauk, Chennai",Rajasthan Royals,Sunrisers Hyderabad,Rajasthan Royals,field,Sunrisers Hyderabad,36.0,,4310,win,League,Shahbaz Ahmed,False,True,Sunrisers Hyderabad,True
1426312,2024,6,Chennai,2024-05-26,Indian Premier League,0,male,T20,T20,20,2024,club,"MA Chidambaram Stadium, Chepauk, Chennai",Sunrisers Hyderabad,Sunrisers Hyderabad,Kolkata Knight Riders,bat,Kolkata Knight Riders,,8.0,10109,win,League,MA Starc,False,True,Sunrisers Hyderabad,False
1473438,2025,6,Kolkata,2025-03-22,Indian Premier League,1,male,T20,T20,20,2025,club,"Eden Gardens, Kolkata",Royal Challengers Bengaluru,Kolkata Knight Riders,Royal Challengers Bengaluru,field,Royal Challengers Bengaluru,,7.0,28,win,League,KH Pandya,True,False,Kolkata Knight Riders,False
1473439,2025,6,Hyderabad,2025-03-23,Indian Premier League,2,male,T20,T20,20,2025,club,"Rajiv Gandhi International Stadium, Uppal, Hyderabad",Rajasthan Royals,Sunrisers Hyderabad,Rajasthan Royals,field,Sunrisers Hyderabad,44.0,,347,win,League,Ishan Kishan,False,True,Sunrisers Hyderabad,True
1473440,2025,6,Chennai,2025-03-23,Indian Premier League,3,male,T20,T20,20,2025,club,"MA Chidambaram Stadium, Chepauk, Chennai",Chennai Super Kings,Mumbai Indians,Chennai Super Kings,field,Chennai Super Kings,,4.0,8809,win,League,Noor Ahmad,True,False,Mumbai Indians,False
1473441,2025,6,Visakhapatnam,2025-03-24,Indian Premier League,4,male,T20,T20,20,2025,club,"Dr. Y.S. Rajasekhara Reddy ACA-VDCA Cricket Stadium, Visakhapatnam",Delhi Capitals,Lucknow Super Giants,Delhi Capitals,field,Delhi Capitals,,1.0,10456,win,League,Ashutosh Sharma,True,False,Lucknow Super Giants,False
1473442,2025,6,Ahmedabad,2025-03-25,Indian Premier League,5,male,T20,T20,20,2025,club,"Narendra Modi Stadium, Ahmedabad",Gujarat Titans,Punjab Kings,Gujarat Titans,field,Punjab Kings,11.0,,389,win,League,SS Iyer,False,True,Punjab Kings,True
1473443,2025,6,Guwahati,2025-03-26,Indian Premier League,6,male,T20,T20,20,2025,club,"Barsapara Cricket Stadium, Guwahati",Kolkata Knight Riders,Rajasthan Royals,Kolkata Knight Riders,field,Kolkata Knight Riders,,8.0,1421,win,League,Q de Kock,True,False,Rajasthan Royals,False
1473444,2025,6,Hyderabad,2025-03-27,Indian Premier League,7,male,T20,T20,20,2025,club,"Rajiv Gandhi International Stadium, Uppal, Hyderabad",Lucknow Super Giants,Sunrisers Hyderabad,Lucknow Super Giants,field,Lucknow Super Giants,,5.0,360,win,League,SN Thakur,True,False,Sunrisers Hyderabad,False
1473445,2025,6,Chennai,2025-03-28,Indian Premier League,8,male,T20,T20,20,2025,club,"MA Chidambaram Stadium, Chepauk, Chennai",Chennai Super Kings,Royal Challengers Bengaluru,Chennai Super Kings,field,Royal Challengers Bengaluru,50.0,,5349,win,League,RM Patidar,False,True,Royal Challengers Bengaluru,True
335983,2008,6,Chandigarh,2008-04-19,Indian Premier League,2,male,T20,T20,20,2008,club,"Punjab Cricket Association Stadium, Mohali",Chennai Super Kings,Punjab Kings,Chennai Super Kings,bat,Chennai Super Kings,33.0,,11943,win,League,MEK Hussey,True,True,Chennai Super Kings,True
335984,2008,6,Delhi,2008-04-19,Indian Premier League,3,male,T20,T20,20,2008,club,Feroz Shah Kotla,Rajasthan Royals,Delhi Capitals,Rajasthan Royals,bat,Delhi Capitals,,9.0,11982,win,League,MF Maharoof,False,True,Rajasthan Royals,False
335985,2008,6,Mumbai,2008-04-20,Indian Premier League,5,male,T20,T20,20,2008,club,Wankhede Stadium,Mumbai Indians,Mumbai Indians,Royal Challengers Bengaluru,bat,Royal Challengers Bengaluru,,5.0,11935,win,League,MV Boucher,False,True,Mumbai Indians,False
335986,2008,6,Kolkata,2008-04-20,Indian Premier League,4,male,T20,T20,20,2008,club,Eden Gardens,Deccan Chargers,Kolkata Knight Riders,Deccan Chargers,bat,Kolkata Knight Riders,,5.0,11922,win,League,DJ Hussey,False,True,Deccan Chargers,False
335987,2008,6,Jaipur,2008-04-21,Indian Premier League,6,male,T20,T20,20,2008,club,Sawai Mansingh Stadium,Punjab Kings,Rajasthan Royals,Punjab Kings,bat,Rajasthan Royals,,6.0,5,win,League,SR Watson,False,True,Punjab Kings,False
335988,2008,6,Hyderabad,2008-04-22,Indian Premier League,7,male,T20,T20,20,2008,club,"Rajiv Gandhi International Stadium, Uppal",Deccan Chargers,Deccan Chargers,Delhi Capitals,bat,Delhi Capitals,,9.0,11975,win,League,V Sehwag,False,True,Deccan Chargers,False
335989,2008,6,Chennai,2008-04-23,Indian Premier League,8,male,T20,T20,20,2008,club,"MA Chidambaram Stadium, Chepauk",Mumbai Indians,Chennai Super Kings,Mumbai Indians,field,Chennai Super Kings,6.0,,11942,win,League,ML Hayden,False,True,Chennai Super Kings,True
335990,2008,6,Hyderabad,2008-04-24,Indian Premier League,9,male,T20,T20,20,2008,club,"Rajiv Gandhi International Stadium, Uppal",Rajasthan Royals,Deccan Chargers,Rajasthan Royals,field,Rajasthan Royals,,3.0,60,win,League,YK Pathan,True,False,Deccan Chargers,False
335991,2008,6,Chandigarh,2008-04-25,Indian Premier League,10,male,T20,T20,20,2008,club,"Punjab Cricket Association Stadium, Mohali",Mumbai Indians,Punjab Kings,Mumbai Indians,field,Punjab Kings,66.0,,11954,win,League,KC Sangakkara,False,True,Punjab Kings,True
335992,2008,6,Bangalore,2008-04-26,Indian Premier League,12,male,T20,T20,20,2008,club,M Chinnaswamy Stadium,Rajasthan Royals,Royal Challengers Bengaluru,Rajasthan Royals,field,Rajasthan Royals,,7.0,5,win,League,SR Watson,True,False,Royal Challengers Bengaluru,False
335993,2008,6,Chennai,2008-04-26,Indian Premier League,11,male,T20,T20,20,2008,club,"MA Chidambaram Stadium, Chepauk",Kolkata Knight Riders,Chennai Super Kings,Kolkata Knight Riders,bat,Chennai Super Kings,,9.0,11946,win,League,JDP Oram,False,True,Kolkata Knight Riders,False
335994,2008,6,Mumbai,2008-04-27,Indian Premier League,14,male,T20,T20,20,2008,club,Dr DY Patil Sports Academy,Deccan Chargers,Mumbai Indians,Deccan Chargers,field,Deccan Chargers,,10.0,12007,win,League,AC Gilchrist,True,False,Mumbai Indians,False
335995,2008,6,Chandigarh,2008-04-27,Indian Premier League,13,male,T20,T20,20,2008,club,"Punjab Cricket Association Stadium, Mohali",Delhi Capitals,Punjab Kings,Delhi Capitals,bat,Punjab Kings,,4.0,11956,win,League,SM Katich,False,True,Delhi Capitals,False
335996,2008,6,Bangalore,2008-04-28,Indian Premier League,15,male,T20,T20,20,2008,club,M Chinnaswamy Stadium,Chennai Super Kings,Royal Challengers Bengaluru,Chennai Super Kings,bat,Chennai Super Kings,13.0,,38,win,League,MS Dhoni,True,True,Chennai Super Kings,True
335997,2008,6,Kolkata,2008-04-29,Indian Premier League,16,male,T20,T20,20,2008,club,Eden Gardens,Kolkata Knight Riders,Kolkata Knight Riders,Mumbai Indians,bat,Mumbai Indians,,7.0,11986,win,League,ST Jayasuriya,False,True,Kolkata Knight Riders,False
335998,2008,6,Delhi,2008-04-30,Indian Premier League,17,male,T20,T20,20,2008,club,Feroz Shah Kotla,Royal Challengers Bengaluru,Delhi Capitals,Royal Challengers Bengaluru,field,Delhi Capitals,10.0,,11984,win,League,GD McGrath,False,True,Delhi Capitals,True
335999,2008,6,Hyderabad,2008-05-01,Indian Premier League,19,male,T20,T20,20,2008,club,"Rajiv Gandhi International Stadium, Uppal",Punjab Kings,Deccan Chargers,Punjab Kings,field,Punjab Kings,,7.0,541,win,League,SE Marsh,True,False,Deccan Chargers,False
336000,2008,6,Jaipur,2008-05-01,Indian Premier League,18,male,T20,T20,20,2008,club,Sawai Mansingh Stadium,Rajasthan Royals,Rajasthan Royals,Kolkata Knight Riders,bat,Rajasthan Royals,45.0,,12327,win,League,SA Asnodkar,True,True,Rajasthan Royals,True
336001,2008,6,Chennai,2008-05-02,Indian Premier League,20,male,T20,T20,20,2008,club,"MA Chidambaram Stadium, Chepauk",Chennai Super Kings,Chennai Super Kings,Delhi Capitals,bat,Delhi Capitals,,8.0,11975,win,League,V Sehwag,False,True,Chennai Super Kings,False
336002,2008,6,Hyderabad,2008-05-25,Indian Premier League,51,male,T20,T20,20,2008,club,"Rajiv Gandhi International Stadium, Uppal",Deccan Chargers,Deccan Chargers,Royal Challengers Bengaluru,bat,Royal Challengers Bengaluru,,5.0,1242,win,League,R Vinay Kumar,False,True,Deccan Chargers,False
336003,2008,6,Chandigarh,2008-05-03,Indian Premier League,22,male,T20,T20,20,2008,club,"Punjab Cricket Association Stadium, Mohali",Punjab Kings,Punjab Kings,Kolkata Knight Riders,bat,Punjab Kings,9.0,,811,win,League,IK Pathan,True,True,Punjab Kings,True
336004,2008,6,Mumbai,2008-05-04,Indian Premier League,23,male,T20,T20,20,2008,club,Dr DY Patil Sports Academy,Delhi Capitals,Mumbai Indians,Delhi Capitals,field,Mumbai Indians,29.0,,11991,win,League,SM Pollock,False,True,Mumbai Indians,True
336005,2008,6,Jaipur,2008-05-04,Indian Premier League,24,male,T20,T20,20,2008,club,Sawai Mansingh Stadium,Chennai Super Kings,Rajasthan Royals,Chennai Super Kings,bat,Rajasthan Royals,,8.0,12147,win,League,Sohail Tanvir,False,True,Chennai Super Kings,False
336006,2008,6,Bangalore,2008-05-05,Indian Premier League,25,male,T20,T20,20,2008,club,M Chinnaswamy Stadium,Punjab Kings,Royal Challengers Bengaluru,Punjab Kings,field,Punjab Kings,,6.0,11962,win,League,S Sreesanth,True,False,Royal Challengers Bengaluru,False
336007,2008,6,Chennai,2008-05-06,Indian Premier League,26,male,T20,T20,20,2008,club,"MA Chidambaram Stadium, Chepauk",Deccan Chargers,Chennai Super Kings,Deccan Chargers,field,Deccan Chargers,,7.0,12007,win,League,AC Gilchrist,True,False,Chennai Super Kings,False
336008,2008,6,Mumbai,2008-05-07,Indian Premier League,27,male,T20,T20,20,2008,club,Dr DY Patil Sports Academy,Mumbai Indians,Mumbai Indians,Rajasthan Royals,field,Mumbai Indians,,7.0,21,win,League,A Nehra,True,False,Rajasthan Royals,False
336009,2008,6,Delhi,2008-05-08,Indian Premier League,28,male,T20,T20,20,2008,club,Feroz Shah Kotla,Chennai Super Kings,Delhi Capitals,Chennai Super Kings,field,Chennai Super Kings,,4.0,38,win,League,MS Dhoni,True,False,Delhi Capitals,False
336010,2008,6,Kolkata,2008-05-08,Indian Premier League,29,male,T20,T20,20,2008,club,Eden Gardens,Kolkata Knight Riders,Kolkata Knight Riders,Royal Challengers Bengaluru,bat,Kolkata Knight Riders,5.0,,11919,win,League,SC Ganguly,True,True,Kolkata Knight Riders,True
336011,2008,6,Jaipur,2008-05-09,Indian Premier League,30,male,T20,T20,20,2008,club,Sawai Mansingh Stadium,Rajasthan Royals,Rajasthan Royals,Deccan Chargers,field,Rajasthan Royals,,8.0,60,win,League,YK Pathan,True,False,Deccan Chargers,False
336012,2008,6,Bangalore,2008-05-28,Indian Premier League,55,male,T20,T20,20,2008,club,M Chinnaswamy Stadium,Mumbai Indians,Royal Challengers Bengaluru,Mumbai Indians,field,Mumbai Indians,,9.0,12269,win,League,CRD Fernando,True,False,Royal Challengers Bengaluru,False
336013,2008,6,Chennai,2008-05-10,Indian Premier League,31,male,T20,T20,20,2008,club,"MA Chidambaram Stadium, Chepauk",Punjab Kings,Chennai Super Kings,Punjab Kings,field,Chennai Super Kings,18.0,,12523,win,League,L Balaji,False,True,Chennai Super Kings,True
336014,2008,6,Hyderabad,2008-05-11,Indian Premier League,32,male,T20,T20,20,2008,club,"Rajiv Gandhi International Stadium, Uppal",Kolkata Knight Riders,Deccan Chargers,Kolkata Knight Riders,bat,Kolkata Knight Riders,23.0,,11919,win,League,SC Ganguly,True,True,Kolkata Knight Riders,True
336015,2008,6,Jaipur,2008-05-11,Indian Premier League,33,male,T20,T20,20,2008,club,Sawai Mansingh Stadium,Rajasthan Royals,Rajasthan Royals,Delhi Capitals,field,Rajasthan Royals,,3.0,5,win,League,SR Watson,True,False,Delhi Capitals,False
336016,2008,6,Chandigarh,2008-05-12,Indian Premier League,34,male,T20,T20,20,2008,club,"Punjab Cricket Association Stadium, Mohali",Royal Challengers Bengaluru,Punjab Kings,Royal Challengers Bengaluru,bat,Punjab Kings,,9.0,541,win,League,SE Marsh,False,True,Royal Challengers Bengaluru,False
336017,2008,6,Kolkata,2008-05-13,Indian Premier League,35,male,T20,T20,20,2008,club,Eden Gardens,Kolkata Knight Riders,Kolkata Knight Riders,Delhi Capitals,bat,Kolkata Knight Riders,23.0,,12710,win,League,Shoaib Akhtar,True,True,Kolkata Knight Riders,True
336018,2008,6,Mumbai,2008-05-14,Indian Premier League,36,male,T20,T20,20,2008,club,Wankhede Stadium,Mumbai Indians,Mumbai Indians,Chennai Super Kings,field,Mumbai Indians,,9.0,11986,win,League,ST Jayasuriya,True,False,Chennai Super Kings,False
336019,2008,6,Chandigarh,2008-05-28,Indian Premier League,56,male,T20,T20,20,2008,club,"Punjab Cricket Association Stadium, Mohali",Rajasthan Royals,Punjab Kings,Rajasthan Royals,field,Punjab Kings,41.0,,541,win,League,SE Marsh,False,True,Punjab Kings,True
336020,2008,6,Delhi,2008-05-15,Indian Premier League,37,male,T20,T20,20,2008,club,Feroz Shah Kotla,Deccan Chargers,Delhi Capitals,Deccan Chargers,field,Delhi Capitals,12.0,,185,win,League,A Mishra,False,True,Delhi Capitals,True
336021,2008,6,Mumbai,2008-05-16,Indian Premier League,38,male,T20,T20,20,2008,club,Wankhede Stadium,Mumbai Indians,Mumbai Indians,Kolkata Knight Riders,field,Mumbai Indians,,8.0,11991,win,League,SM Pollock,True,False,Kolkata Knight Riders,False
336022,2008,6,Delhi,2008-05-17,Indian Premier League,40,male,T20,T20,20,2008,club,Feroz Shah Kotla,Delhi Capitals,Delhi Capitals,Punjab Kings,bat,Punjab Kings,6.0,,12032,win,League,DPMD Jayawardene,False,True,Delhi Capitals,False
336023,2008,6,Jaipur,2008-05-17,Indian Premier League,39,male,T20,T20,20,2008,club,Sawai Mansingh Stadium,Royal Challengers Bengaluru,Rajasthan Royals,Royal Challengers Bengaluru,field,Rajasthan Royals,65.0,,12107,win,League,GC Smith,False,True,Rajasthan Royals,True
336024,2008,6,Hyderabad,2008-05-18,Indian Premier League,42,male,T20,T20,20,2008,club,"Rajiv Gandhi International Stadium, Uppal",Deccan Chargers,Deccan Chargers,Mumbai Indians,field,Mumbai Indians,25.0,,1393,win,League,DJ Bravo,False,True,Mumbai Indians,True
336025,2008,6,Kolkata,2008-05-18,Indian Premier League,41,male,T20,T20,20,2008,club,Eden Gardens,Kolkata Knight Riders,Kolkata Knight Riders,Chennai Super Kings,bat,Chennai Super Kings,3.0,,12345,win,League,M Ntini,False,True,Kolkata Knight Riders,False
336026,2008,6,Bangalore,2008-05-19,Indian Premier League,43,male,T20,T20,20,2008,club,M Chinnaswamy Stadium,Delhi Capitals,Royal Challengers Bengaluru,Delhi Capitals,field,Delhi Capitals,,5.0,2295,win,League,SP Goswami,True,False,Royal Challengers Bengaluru,False
336027,2008,6,Kolkata,2008-05-20,Indian Premier League,44,male,T20,T20,20,2008,club,Eden Gardens,Rajasthan Royals,Kolkata Knight Riders,Rajasthan Royals,field,Rajasthan Royals,,6.0,60,win,League,YK Pathan,True,False,Kolkata Knight Riders,False
336028,2008,6,Mumbai,2008-05-21,Indian Premier League,45,male,T20,T20,20,2008,club,Wankhede Stadium,Mumbai Indians,Mumbai Indians,Punjab Kings,field,Punjab Kings,1.0,,541,win,League,SE Marsh,False,True,Punjab Kings,True
336029,2008,6,Chennai,2008-05-21,Indian Premier League,46,male,T20,T20,20,2008,club,"MA Chidambaram Stadium, Chepauk",Royal Challengers Bengaluru,Chennai Super Kings,Royal Challengers Bengaluru,bat,Royal Challengers Bengaluru,14.0,,12160,win,League,A Kumble,True,True,Royal Challengers Bengaluru,True
336031,2008,6,Chandigarh,2008-05-23,Indian Premier League,48,male,T20,T20,20,2008,club,"Punjab Cricket Association Stadium, Mohali",Punjab Kings,Punjab Kings,Deccan Chargers,field,Punjab Kings,,6.0,541,win,League,SE Marsh,True,False,Deccan Chargers,False
336032,2008,6,Delhi,2008-05-24,Indian Premier League,50,male,T20,T20,20,2008,club,Feroz Shah Kotla,Delhi Capitals,Delhi Capitals,Mumbai Indians,field,Delhi Capitals,,5.0,49,win,League,KD Karthik,True,False,Mumbai Indians,False
336033,2008,6,Chennai,2008-05-24,Indian Premier League,49,male,T20,T20,20,2008,club,"MA Chidambaram Stadium, Chepauk",Rajasthan Royals,Chennai Super Kings,Rajasthan Royals,bat,Rajasthan Royals,10.0,,12234,win,League,JA Morkel,True,True,Rajasthan Royals,True
336034,2008,6,Bangalore,2008-05-03,Indian Premier League,21,male,T20,T20,20,2008,club,M Chinnaswamy Stadium,Deccan Chargers,Royal Challengers Bengaluru,Deccan Chargers,field,Royal Challengers Bengaluru,3.0,,52,win,League,P Kumar,False,True,Royal Challengers Bengaluru,True
336035,2008,6,Kolkata,2008-05-25,Indian Premier League,52,male,T20,T20,20,2008,club,Eden Gardens,Punjab Kings,Kolkata Knight Riders,Punjab Kings,bat,Kolkata Knight Riders,,3.0,12323,win,League,Umar Gul,False,True,Punjab Kings,False
336036,2008,6,Jaipur,2008-05-26,Indian Premier League,53,male,T20,T20,20,2008,club,Sawai Mansingh Stadium,Rajasthan Royals,Rajasthan Royals,Mumbai Indians,field,Rajasthan Royals,,5.0,12147,win,League,Sohail Tanvir,True,False,Mumbai Indians,False
336037,2008,6,Hyderabad,2008-05-27,Indian Premier League,54,male,T20,T20,20,2008,club,"Rajiv Gandhi International Stadium, Uppal",Deccan Chargers,Deccan Chargers,Chennai Super Kings,bat,Chennai Super Kings,,7.0,47,win,League,SK Raina,False,True,Deccan Chargers,False
336038,2008,6,Mumbai,2008-05-30,Indian Premier League,0,male,T20,T20,20,2008,club,Wankhede Stadium,Delhi Capitals,Delhi Capitals,Rajasthan Royals,field,Rajasthan Royals,105.0,,5,win,League,SR Watson,False,True,Rajasthan Royals,True
336039,2008,6,Mumbai,2008-05-31,Indian Premier League,0,male,T20,T20,20,2008,club,Wankhede Stadium,Punjab Kings,Chennai Super Kings,Punjab Kings,bat,Chennai Super Kings,,9.0,12345,win,League,M Ntini,False,True,Punjab Kings,False
336040,2008,6,Mumbai,2008-06-01,Indian Premier League,0,male,T20,T20,20,2008,club,Dr DY Patil Sports Academy,Rajasthan Royals,Chennai Super Kings,Rajasthan Royals,field,Rajasthan Royals,,3.0,60,win,League,YK Pathan,True,False,Chennai Super Kings,False
392181,2009,6,Cape Town,2009-04-18,Indian Premier League,1,male,T20,T20,20,2009,club,Newlands,Chennai Super Kings,Chennai Super Kings,Mumbai Indians,field,Mumbai Indians,19.0,,12580,win,League,SR Tendulkar,False,True,Mumbai Indians,True
392182,2009,6,Cape Town,2009-04-18,Indian Premier League,2,male,T20,T20,20,2009,club,Newlands,Royal Challengers Bengaluru,Royal Challengers Bengaluru,Rajasthan Royals,bat,Royal Challengers Bengaluru,75.0,,11930,win,League,R Dravid,True,True,Royal Challengers Bengaluru,True
392183,2009,6,Cape Town,2009-04-19,Indian Premier League,3,male,T20,T20,20,2009,club,Newlands,Delhi Capitals,Delhi Capitals,Punjab Kings,field,Delhi Capitals,,10.0,11981,win,League,DL Vettori,True,False,Punjab Kings,False
392184,2009,6,Cape Town,2009-04-19,Indian Premier League,4,male,T20,T20,20,2009,club,Newlands,Kolkata Knight Riders,Deccan Chargers,Kolkata Knight Riders,bat,Deccan Chargers,,8.0,12016,win,League,RP Singh,False,True,Kolkata Knight Riders,False
392185,2009,6,Port Elizabeth,2009-04-20,Indian Premier League,5,male,T20,T20,20,2009,club,St George's Park,Chennai Super Kings,Royal Challengers Bengaluru,Chennai Super Kings,bat,Chennai Super Kings,92.0,,11951,win,League,M Muralitharan,True,True,Chennai Super Kings,True
392186,2009,6,Durban,2009-04-21,Indian Premier League,6,male,T20,T20,20,2009,club,Kingsmead,Kolkata Knight Riders,Punjab Kings,Kolkata Knight Riders,field,Kolkata Knight Riders,11.0,,1,win,League,CH Gayle,True,False,Punjab Kings,False
392188,2009,6,Cape Town,2009-04-22,Indian Premier League,8,male,T20,T20,20,2009,club,Newlands,Deccan Chargers,Royal Challengers Bengaluru,Deccan Chargers,bat,Deccan Chargers,24.0,,12007,win,League,AC Gilchrist,True,True,Deccan Chargers,True
392189,2009,6,Durban,2009-04-23,Indian Premier League,9,male,T20,T20,20,2009,club,Kingsmead,Delhi Capitals,Chennai Super Kings,Delhi Capitals,bat,Delhi Capitals,9.0,,245,win,League,AB de Villiers,True,True,Delhi Capitals,True
392190,2009,6,Cape Town,2009-04-23,Indian Premier League,10,male,T20,T20,20,2009,club,Newlands,Kolkata Knight Riders,Kolkata Knight Riders,Rajasthan Royals,field,Rajasthan Royals,,,60,tie,League,YK Pathan,False,True,Rajasthan Royals,True
392191,2009,6,Durban,2009-04-24,Indian Premier League,11,male,T20,T20,20,2009,club,Kingsmead,Royal Challengers Bengaluru,Royal Challengers Bengaluru,Punjab Kings,bat,Punjab Kings,,7.0,13250,win,League,RS Bopara,False,True,Royal Challengers Bengaluru,False
392192,2009,6,Durban,2009-04-25,Indian Premier League,12,male,T20,T20,20,2009,club,Kingsmead,Deccan Chargers,Deccan Chargers,Mumbai Indians,bat,Deccan Chargers,12.0,,12017,win,League,PP Ojha,True,True,Deccan Chargers,True
392194,2009,6,Port Elizabeth,2009-04-26,Indian Premier League,14,male,T20,T20,20,2009,club,St George's Park,Royal Challengers Bengaluru,Royal Challengers Bengaluru,Delhi Capitals,bat,Delhi Capitals,,6.0,12650,win,League,TM Dilshan,False,True,Royal Challengers Bengaluru,False
392195,2009,6,Cape Town,2009-04-26,Indian Premier League,15,male,T20,T20,20,2009,club,Newlands,Punjab Kings,Punjab Kings,Rajasthan Royals,bat,Punjab Kings,27.0,,11954,win,League,KC Sangakkara,True,True,Punjab Kings,True
392196,2009,6,Durban,2009-04-27,Indian Premier League,16,male,T20,T20,20,2009,club,Kingsmead,Deccan Chargers,Chennai Super Kings,Deccan Chargers,field,Deccan Chargers,,6.0,12295,win,League,HH Gibbs,True,False,Chennai Super Kings,False
392197,2009,6,Port Elizabeth,2009-04-27,Indian Premier League,17,male,T20,T20,20,2009,club,St George's Park,Mumbai Indians,Kolkata Knight Riders,Mumbai Indians,bat,Mumbai Indians,92.0,,12580,win,League,SR Tendulkar,True,True,Mumbai Indians,True
392198,2009,6,Centurion,2009-04-28,Indian Premier League,18,male,T20,T20,20,2009,club,SuperSport Park,Delhi Capitals,Delhi Capitals,Rajasthan Royals,bat,Rajasthan Royals,,5.0,60,win,League,YK Pathan,False,True,Delhi Capitals,False
392199,2009,6,Durban,2009-04-29,Indian Premier League,19,male,T20,T20,20,2009,club,Kingsmead,Kolkata Knight Riders,Royal Challengers Bengaluru,Kolkata Knight Riders,bat,Royal Challengers Bengaluru,,5.0,11935,win,League,MV Boucher,False,True,Kolkata Knight Riders,False
392200,2009,6,Durban,2009-04-29,Indian Premier League,20,male,T20,T20,20,2009,club,Kingsmead,Punjab Kings,Punjab Kings,Mumbai Indians,bat,Punjab Kings,3.0,,11954,win,League,KC Sangakkara,True,True,Punjab Kings,True
392201,2009,6,Centurion,2009-04-30,Indian Premier League,21,male,T20,T20,20,2009,club,SuperSport Park,Delhi Capitals,Deccan Chargers,Delhi Capitals,field,Delhi Capitals,,6.0,13245,win,League,DP Nannes,True,False,Deccan Chargers,False
392202,2009,6,Centurion,2009-04-30,Indian Premier League,22,male,T20,T20,20,2009,club,SuperSport Park,Rajasthan Royals,Chennai Super Kings,Rajasthan Royals,field,Chennai Super Kings,38.0,,47,win,League,SK Raina,False,True,Chennai Super Kings,True
392203,2009,6,East London,2009-05-01,Indian Premier League,23,male,T20,T20,20,2009,club,Buffalo Park,Mumbai Indians,Kolkata Knight Riders,Mumbai Indians,bat,Mumbai Indians,9.0,,1964,win,League,JP Duminy,True,True,Mumbai Indians,True
392204,2009,6,Durban,2009-05-01,Indian Premier League,24,male,T20,T20,20,2009,club,Kingsmead,Royal Challengers Bengaluru,Royal Challengers Bengaluru,Punjab Kings,bat,Royal Challengers Bengaluru,8.0,,15,win,League,Yuvraj Singh,True,True,Royal Challengers Bengaluru,True
392205,2009,6,Port Elizabeth,2009-05-02,Indian Premier League,25,male,T20,T20,20,2009,club,St George's Park,Deccan Chargers,Deccan Chargers,Rajasthan Royals,bat,Rajasthan Royals,,3.0,60,win,League,YK Pathan,False,True,Deccan Chargers,False
392206,2009,6,Johannesburg,2009-05-02,Indian Premier League,26,male,T20,T20,20,2009,club,New Wanderers Stadium,Delhi Capitals,Chennai Super Kings,Delhi Capitals,field,Chennai Super Kings,18.0,,53,win,League,SB Jakati,False,True,Chennai Super Kings,True
392207,2009,6,Port Elizabeth,2009-05-03,Indian Premier League,27,male,T20,T20,20,2009,club,St George's Park,Kolkata Knight Riders,Punjab Kings,Kolkata Knight Riders,bat,Punjab Kings,,6.0,12032,win,League,DPMD Jayawardene,False,True,Kolkata Knight Riders,False
392208,2009,6,Johannesburg,2009-05-03,Indian Premier League,28,male,T20,T20,20,2009,club,New Wanderers Stadium,Mumbai Indians,Royal Challengers Bengaluru,Mumbai Indians,bat,Royal Challengers Bengaluru,,9.0,11933,win,League,JH Kallis,False,True,Mumbai Indians,False
392209,2009,6,East London,2009-05-04,Indian Premier League,29,male,T20,T20,20,2009,club,Buffalo Park,Chennai Super Kings,Chennai Super Kings,Deccan Chargers,bat,Chennai Super Kings,78.0,,38,win,League,MS Dhoni,True,True,Chennai Super Kings,True
392210,2009,6,Durban,2009-05-05,Indian Premier League,30,male,T20,T20,20,2009,club,Kingsmead,Punjab Kings,Punjab Kings,Rajasthan Royals,field,Rajasthan Royals,78.0,,12107,win,League,GC Smith,False,True,Rajasthan Royals,True
392211,2009,6,Durban,2009-05-05,Indian Premier League,31,male,T20,T20,20,2009,club,Kingsmead,Kolkata Knight Riders,Delhi Capitals,Kolkata Knight Riders,bat,Delhi Capitals,,9.0,56,win,League,G Gambhir,False,True,Kolkata Knight Riders,False
392212,2009,6,Centurion,2009-05-06,Indian Premier League,32,male,T20,T20,20,2009,club,SuperSport Park,Deccan Chargers,Deccan Chargers,Mumbai Indians,bat,Deccan Chargers,19.0,,25,win,League,RG Sharma,True,True,Deccan Chargers,True
392213,2009,6,Centurion,2009-05-07,Indian Premier League,33,male,T20,T20,20,2009,club,SuperSport Park,Rajasthan Royals,Royal Challengers Bengaluru,Rajasthan Royals,field,Rajasthan Royals,,7.0,13810,win,League,A Singh,True,False,Royal Challengers Bengaluru,False
392214,2009,6,Centurion,2009-05-07,Indian Premier League,34,male,T20,T20,20,2009,club,SuperSport Park,Chennai Super Kings,Chennai Super Kings,Punjab Kings,bat,Chennai Super Kings,12.0,,11942,win,League,ML Hayden,True,True,Chennai Super Kings,True
392215,2009,6,East London,2009-05-08,Indian Premier League,35,male,T20,T20,20,2009,club,Buffalo Park,Mumbai Indians,Delhi Capitals,Mumbai Indians,bat,Delhi Capitals,,7.0,21,win,League,A Nehra,False,True,Mumbai Indians,False
392216,2009,6,Kimberley,2009-05-09,Indian Premier League,36,male,T20,T20,20,2009,club,De Beers Diamond Oval,Punjab Kings,Deccan Chargers,Punjab Kings,field,Punjab Kings,,3.0,12032,win,League,DPMD Jayawardene,True,False,Deccan Chargers,False
392217,2009,6,Kimberley,2009-05-09,Indian Premier League,37,male,T20,T20,20,2009,club,De Beers Diamond Oval,Rajasthan Royals,Chennai Super Kings,Rajasthan Royals,bat,Chennai Super Kings,,7.0,11947,win,League,S Badrinath,False,True,Rajasthan Royals,False
392218,2009,6,Port Elizabeth,2009-05-10,Indian Premier League,38,male,T20,T20,20,2009,club,St George's Park,Mumbai Indians,Royal Challengers Bengaluru,Mumbai Indians,bat,Mumbai Indians,16.0,,1964,win,League,JP Duminy,True,True,Mumbai Indians,True
392219,2009,6,Johannesburg,2009-05-10,Indian Premier League,39,male,T20,T20,20,2009,club,New Wanderers Stadium,Delhi Capitals,Delhi Capitals,Kolkata Knight Riders,field,Delhi Capitals,,7.0,185,win,League,A Mishra,True,False,Kolkata Knight Riders,False
392220,2009,6,Kimberley,2009-05-11,Indian Premier League,40,male,T20,T20,20,2009,club,De Beers Diamond Oval,Deccan Chargers,Deccan Chargers,Rajasthan Royals,bat,Deccan Chargers,53.0,,50,win,League,DR Smith,True,True,Deccan Chargers,True
392221,2009,6,Centurion,2009-05-12,Indian Premier League,41,male,T20,T20,20,2009,club,SuperSport Park,Royal Challengers Bengaluru,Royal Challengers Bengaluru,Kolkata Knight Riders,field,Royal Challengers Bengaluru,,6.0,11998,win,League,LRPL Taylor,True,False,Kolkata Knight Riders,False
392222,2009,6,Centurion,2009-05-12,Indian Premier League,42,male,T20,T20,20,2009,club,SuperSport Park,Punjab Kings,Punjab Kings,Mumbai Indians,bat,Mumbai Indians,,8.0,228,win,League,Harbhajan Singh,False,True,Punjab Kings,False
392223,2009,6,Durban,2009-05-13,Indian Premier League,43,male,T20,T20,20,2009,club,Kingsmead,Deccan Chargers,Deccan Chargers,Delhi Capitals,field,Delhi Capitals,12.0,,40,win,League,R Bhatia,False,True,Delhi Capitals,True
392224,2009,6,Durban,2009-05-14,Indian Premier League,44,male,T20,T20,20,2009,club,Kingsmead,Chennai Super Kings,Royal Challengers Bengaluru,Chennai Super Kings,bat,Royal Challengers Bengaluru,,2.0,11998,win,League,LRPL Taylor,False,True,Chennai Super Kings,False
392225,2009,6,Durban,2009-05-14,Indian Premier League,45,male,T20,T20,20,2009,club,Kingsmead,Rajasthan Royals,Mumbai Indians,Rajasthan Royals,bat,Rajasthan Royals,2.0,,11971,win,League,SK Warne,True,True,Rajasthan Royals,True
392226,2009,6,Bloemfontein,2009-05-15,Indian Premier League,46,male,T20,T20,20,2009,club,OUTsurance Oval,Punjab Kings,Delhi Capitals,Punjab Kings,field,Punjab Kings,,6.0,11959,win,League,B Lee,True,False,Delhi Capitals,False
392227,2009,6,Port Elizabeth,2009-05-16,Indian Premier League,47,male,T20,T20,20,2009,club,St George's Park,Mumbai Indians,Chennai Super Kings,Mumbai Indians,bat,Chennai Super Kings,,7.0,11942,win,League,ML Hayden,False,True,Mumbai Indians,False
392228,2009,6,Johannesburg,2009-05-16,Indian Premier League,48,male,T20,T20,20,2009,club,New Wanderers Stadium,Deccan Chargers,Deccan Chargers,Kolkata Knight Riders,field,Deccan Chargers,,6.0,25,win,League,RG Sharma,True,False,Kolkata Knight Riders,False
392229,2009,6,Johannesburg,2009-05-17,Indian Premier League,49,male,T20,T20,20,2009,club,New Wanderers Stadium,Deccan Chargers,Deccan Chargers,Punjab Kings,field,Punjab Kings,1.0,,15,win,League,Yuvraj Singh,False,True,Punjab Kings,True
392230,2009,6,Bloemfontein,2009-05-17,Indian Premier League,50,male,T20,T20,20,2009,club,OUTsurance Oval,Delhi Capitals,Delhi Capitals,Rajasthan Royals,bat,Delhi Capitals,14.0,,245,win,League,AB de Villiers,True,True,Delhi Capitals,True
392231,2009,6,Centurion,2009-05-18,Indian Premier League,51,male,T20,T20,20,2009,club,SuperSport Park,Chennai Super Kings,Chennai Super Kings,Kolkata Knight Riders,bat,Kolkata Knight Riders,,7.0,12318,win,League,BJ Hodge,False,True,Chennai Super Kings,False
392232,2009,6,Johannesburg,2009-05-19,Indian Premier League,52,male,T20,T20,20,2009,club,New Wanderers Stadium,Delhi Capitals,Royal Challengers Bengaluru,Delhi Capitals,bat,Royal Challengers Bengaluru,,7.0,11933,win,League,JH Kallis,False,True,Delhi Capitals,False
392233,2009,6,Durban,2009-05-20,Indian Premier League,53,male,T20,T20,20,2009,club,Kingsmead,Kolkata Knight Riders,Kolkata Knight Riders,Rajasthan Royals,field,Kolkata Knight Riders,,4.0,11924,win,League,LR Shukla,True,False,Rajasthan Royals,False
392234,2009,6,Durban,2009-05-20,Indian Premier League,54,male,T20,T20,20,2009,club,Kingsmead,Chennai Super Kings,Chennai Super Kings,Punjab Kings,bat,Chennai Super Kings,24.0,,11951,win,League,M Muralitharan,True,True,Chennai Super Kings,True
392235,2009,6,Centurion,2009-05-21,Indian Premier League,55,male,T20,T20,20,2009,club,SuperSport Park,Delhi Capitals,Delhi Capitals,Mumbai Indians,field,Delhi Capitals,,4.0,11975,win,League,V Sehwag,True,False,Mumbai Indians,False
392236,2009,6,Centurion,2009-05-21,Indian Premier League,56,male,T20,T20,20,2009,club,SuperSport Park,Royal Challengers Bengaluru,Royal Challengers Bengaluru,Deccan Chargers,bat,Royal Challengers Bengaluru,12.0,,59,win,League,MK Pandey,True,True,Royal Challengers Bengaluru,True
392237,2009,6,Centurion,2009-05-22,Indian Premier League,0,male,T20,T20,20,2009,club,SuperSport Park,Deccan Chargers,Delhi Capitals,Deccan Chargers,field,Deccan Chargers,,6.0,12007,win,League,AC Gilchrist,True,False,Delhi Capitals,False
392238,2009,6,Johannesburg,2009-05-23,Indian Premier League,0,male,T20,T20,20,2009,club,New Wanderers Stadium,Royal Challengers Bengaluru,Royal Challengers Bengaluru,Chennai Super Kings,field,Royal Challengers Bengaluru,,6.0,59,win,League,MK Pandey,True,False,Chennai Super Kings,False
392239,2009,6,Johannesburg,2009-05-24,Indian Premier League,0,male,T20,T20,20,2009,club,New Wanderers Stadium,Royal Challengers Bengaluru,Royal Challengers Bengaluru,Deccan Chargers,field,Deccan Chargers,6.0,,12160,win,League,A Kumble,False,True,Deccan Chargers,True
419106,2010,6,Mumbai,2010-03-12,Indian Premier League,1,male,T20,T20,20,2010,club,Dr DY Patil Sports Academy,Deccan Chargers,Deccan Chargers,Kolkata Knight Riders,field,Kolkata Knight Riders,11.0,,457,win,League,AD Mathews,False,True,Kolkata Knight Riders,True
419107,2010,6,Mumbai,2010-03-13,Indian Premier League,2,male,T20,T20,20,2010,club,Brabourne Stadium,Mumbai Indians,Mumbai Indians,Rajasthan Royals,bat,Mumbai Indians,4.0,,60,win,League,YK Pathan,True,True,Mumbai Indians,True
419108,2010,6,Chandigarh,2010-03-13,Indian Premier League,3,male,T20,T20,20,2010,club,"Punjab Cricket Association Stadium, Mohali",Delhi Capitals,Punjab Kings,Delhi Capitals,field,Delhi Capitals,,5.0,56,win,League,G Gambhir,True,False,Punjab Kings,False
419109,2010,6,Kolkata,2010-03-14,Indian Premier League,4,male,T20,T20,20,2010,club,Eden Gardens,Kolkata Knight Riders,Kolkata Knight Riders,Royal Challengers Bengaluru,field,Kolkata Knight Riders,,7.0,39,win,League,MK Tiwary,True,False,Royal Challengers Bengaluru,False
419110,2010,6,Chennai,2010-03-14,Indian Premier League,5,male,T20,T20,20,2010,club,"MA Chidambaram Stadium, Chepauk",Deccan Chargers,Chennai Super Kings,Deccan Chargers,bat,Deccan Chargers,31.0,,12015,win,League,WPUJC Vaas,True,True,Deccan Chargers,True
419111,2010,6,Ahmedabad,2010-03-15,Indian Premier League,6,male,T20,T20,20,2010,club,"Sardar Patel Stadium, Motera",Delhi Capitals,Rajasthan Royals,Delhi Capitals,field,Delhi Capitals,,6.0,11975,win,League,V Sehwag,True,False,Rajasthan Royals,False
419112,2010,6,Bangalore,2010-03-16,Indian Premier League,7,male,T20,T20,20,2010,club,M Chinnaswamy Stadium,Punjab Kings,Royal Challengers Bengaluru,Punjab Kings,bat,Royal Challengers Bengaluru,,8.0,11933,win,League,JH Kallis,False,True,Punjab Kings,False
419113,2010,6,Kolkata,2010-03-16,Indian Premier League,8,male,T20,T20,20,2010,club,Eden Gardens,Chennai Super Kings,Kolkata Knight Riders,Chennai Super Kings,bat,Chennai Super Kings,55.0,,38,win,League,MS Dhoni,True,True,Chennai Super Kings,True
419114,2010,6,Delhi,2010-03-17,Indian Premier League,9,male,T20,T20,20,2010,club,Feroz Shah Kotla,Delhi Capitals,Delhi Capitals,Mumbai Indians,field,Mumbai Indians,98.0,,12580,win,League,SR Tendulkar,False,True,Mumbai Indians,True
419115,2010,6,Bangalore,2010-03-18,Indian Premier League,10,male,T20,T20,20,2010,club,M Chinnaswamy Stadium,Royal Challengers Bengaluru,Royal Challengers Bengaluru,Rajasthan Royals,field,Royal Challengers Bengaluru,,10.0,11933,win,League,JH Kallis,True,False,Rajasthan Royals,False
419116,2010,6,Delhi,2010-03-19,Indian Premier League,11,male,T20,T20,20,2010,club,Feroz Shah Kotla,Delhi Capitals,Delhi Capitals,Chennai Super Kings,bat,Chennai Super Kings,,5.0,11942,win,League,ML Hayden,False,True,Delhi Capitals,False
419117,2010,6,Cuttack,2010-03-19,Indian Premier League,12,male,T20,T20,20,2010,club,Barabati Stadium,Punjab Kings,Deccan Chargers,Punjab Kings,field,Deccan Chargers,6.0,,12010,win,League,A Symonds,False,True,Deccan Chargers,True
419118,2010,6,Ahmedabad,2010-03-20,Indian Premier League,13,male,T20,T20,20,2010,club,"Sardar Patel Stadium, Motera",Rajasthan Royals,Rajasthan Royals,Kolkata Knight Riders,bat,Rajasthan Royals,34.0,,14485,win,League,AA Jhunjhunwala,True,True,Rajasthan Royals,True
419119,2010,6,Mumbai,2010-03-20,Indian Premier League,14,male,T20,T20,20,2010,club,Brabourne Stadium,Mumbai Indians,Mumbai Indians,Royal Challengers Bengaluru,bat,Royal Challengers Bengaluru,,7.0,11933,win,League,JH Kallis,False,True,Mumbai Indians,False
419120,2010,6,Cuttack,2010-03-21,Indian Premier League,15,male,T20,T20,20,2010,club,Barabati Stadium,Deccan Chargers,Deccan Chargers,Delhi Capitals,bat,Deccan Chargers,10.0,,12010,win,League,A Symonds,True,True,Deccan Chargers,True
419121,2010,6,Chennai,2010-03-21,Indian Premier League,16,male,T20,T20,20,2010,club,"MA Chidambaram Stadium, Chepauk",Chennai Super Kings,Chennai Super Kings,Punjab Kings,field,Punjab Kings,,,14798,tie,League,J Theron,False,True,Punjab Kings,True
419122,2010,6,Mumbai,2010-03-22,Indian Premier League,17,male,T20,T20,20,2010,club,Brabourne Stadium,Kolkata Knight Riders,Mumbai Indians,Kolkata Knight Riders,bat,Mumbai Indians,,7.0,12580,win,League,SR Tendulkar,False,True,Kolkata Knight Riders,False
419123,2010,6,Bangalore,2010-03-23,Indian Premier League,18,male,T20,T20,20,2010,club,M Chinnaswamy Stadium,Chennai Super Kings,Royal Challengers Bengaluru,Chennai Super Kings,field,Royal Challengers Bengaluru,36.0,,58,win,League,RV Uthappa,False,True,Royal Challengers Bengaluru,True
419124,2010,6,Chandigarh,2010-03-24,Indian Premier League,19,male,T20,T20,20,2010,club,"Punjab Cricket Association Stadium, Mohali",Punjab Kings,Punjab Kings,Rajasthan Royals,field,Rajasthan Royals,31.0,,14729,win,League,AC Voges,False,True,Rajasthan Royals,True
419125,2010,6,Mumbai,2010-03-25,Indian Premier League,21,male,T20,T20,20,2010,club,"Brabourne Stadium, Mumbai",Mumbai Indians,Chennai Super Kings,Mumbai Indians,field,Mumbai Indians,,5.0,12580,win,League,SR Tendulkar,True,False,Chennai Super Kings,False
419126,2010,6,Ahmedabad,2010-03-26,Indian Premier League,22,male,T20,T20,20,2010,club,"Sardar Patel Stadium, Motera",Deccan Chargers,Rajasthan Royals,Deccan Chargers,bat,Rajasthan Royals,,8.0,60,win,League,YK Pathan,False,True,Deccan Chargers,False
419127,2010,6,Chandigarh,2010-03-27,Indian Premier League,23,male,T20,T20,20,2010,club,"Punjab Cricket Association Stadium, Mohali",Kolkata Knight Riders,Punjab Kings,Kolkata Knight Riders,bat,Kolkata Knight Riders,39.0,,39,win,League,MK Tiwary,True,True,Kolkata Knight Riders,True
419128,2010,6,Bangalore,2010-03-25,Indian Premier League,20,male,T20,T20,20,2010,club,M Chinnaswamy Stadium,Royal Challengers Bengaluru,Royal Challengers Bengaluru,Delhi Capitals,field,Delhi Capitals,17.0,,4,win,League,KM Jadhav,False,True,Delhi Capitals,True
419129,2010,6,Ahmedabad,2010-03-28,Indian Premier League,24,male,T20,T20,20,2010,club,"Sardar Patel Stadium, Motera",Rajasthan Royals,Rajasthan Royals,Chennai Super Kings,bat,Rajasthan Royals,17.0,,18,win,League,NV Ojha,True,True,Rajasthan Royals,True
419130,2010,6,Mumbai,2010-03-28,Indian Premier League,25,male,T20,T20,20,2010,club,Dr DY Patil Sports Academy,Deccan Chargers,Deccan Chargers,Mumbai Indians,field,Mumbai Indians,41.0,,228,win,League,Harbhajan Singh,False,True,Mumbai Indians,True
419131,2010,6,Delhi,2010-03-29,Indian Premier League,26,male,T20,T20,20,2010,club,Feroz Shah Kotla,Delhi Capitals,Delhi Capitals,Kolkata Knight Riders,bat,Delhi Capitals,40.0,,12,win,League,DA Warner,True,True,Delhi Capitals,True
419132,2010,6,Mumbai,2010-03-30,Indian Premier League,27,male,T20,T20,20,2010,club,Brabourne Stadium,Mumbai Indians,Mumbai Indians,Punjab Kings,field,Mumbai Indians,,4.0,230,win,League,SL Malinga,True,False,Punjab Kings,False
419133,2010,6,Chennai,2010-03-31,Indian Premier League,28,male,T20,T20,20,2010,club,"MA Chidambaram Stadium, Chepauk",Royal Challengers Bengaluru,Chennai Super Kings,Royal Challengers Bengaluru,bat,Chennai Super Kings,,5.0,1630,win,League,M Vijay,False,True,Royal Challengers Bengaluru,False
419134,2010,6,Delhi,2010-03-31,Indian Premier League,29,male,T20,T20,20,2010,club,Feroz Shah Kotla,Delhi Capitals,Delhi Capitals,Rajasthan Royals,bat,Delhi Capitals,67.0,,49,win,League,KD Karthik,True,True,Delhi Capitals,True
419135,2010,6,Kolkata,2010-04-01,Indian Premier League,30,male,T20,T20,20,2010,club,Eden Gardens,Kolkata Knight Riders,Kolkata Knight Riders,Deccan Chargers,bat,Kolkata Knight Riders,24.0,,11919,win,League,SC Ganguly,True,True,Kolkata Knight Riders,True
419136,2010,6,Chandigarh,2010-04-02,Indian Premier League,31,male,T20,T20,20,2010,club,"Punjab Cricket Association Stadium, Mohali",Punjab Kings,Punjab Kings,Royal Challengers Bengaluru,bat,Royal Challengers Bengaluru,,6.0,13231,win,League,KP Pietersen,False,True,Punjab Kings,False
419137,2010,6,Chennai,2010-04-03,Indian Premier League,32,male,T20,T20,20,2010,club,"MA Chidambaram Stadium, Chepauk",Chennai Super Kings,Chennai Super Kings,Rajasthan Royals,bat,Chennai Super Kings,23.0,,1630,win,League,M Vijay,True,True,Chennai Super Kings,True
419138,2010,6,Mumbai,2010-04-03,Indian Premier League,33,male,T20,T20,20,2010,club,Brabourne Stadium,Mumbai Indians,Mumbai Indians,Deccan Chargers,bat,Mumbai Indians,63.0,,27,win,League,AT Rayudu,True,True,Mumbai Indians,True
419139,2010,6,Kolkata,2010-04-04,Indian Premier League,34,male,T20,T20,20,2010,club,Eden Gardens,Kolkata Knight Riders,Kolkata Knight Riders,Punjab Kings,bat,Punjab Kings,,8.0,12032,win,League,DPMD Jayawardene,False,True,Kolkata Knight Riders,False
419140,2010,6,Delhi,2010-04-04,Indian Premier League,35,male,T20,T20,20,2010,club,Feroz Shah Kotla,Delhi Capitals,Delhi Capitals,Royal Challengers Bengaluru,bat,Delhi Capitals,37.0,,15003,win,League,PD Collingwood,True,True,Delhi Capitals,True
419141,2010,6,Nagpur,2010-04-05,Indian Premier League,36,male,T20,T20,20,2010,club,"Vidarbha Cricket Association Stadium, Jamtha",Rajasthan Royals,Deccan Chargers,Rajasthan Royals,bat,Rajasthan Royals,2.0,,11971,win,League,SK Warne,True,True,Rajasthan Royals,True
419142,2010,6,Chennai,2010-04-06,Indian Premier League,37,male,T20,T20,20,2010,club,"MA Chidambaram Stadium, Chepauk",Chennai Super Kings,Chennai Super Kings,Mumbai Indians,bat,Chennai Super Kings,24.0,,47,win,League,SK Raina,True,True,Chennai Super Kings,True
419143,2010,6,Jaipur,2010-04-07,Indian Premier League,38,male,T20,T20,20,2010,club,Sawai Mansingh Stadium,Punjab Kings,Rajasthan Royals,Punjab Kings,bat,Rajasthan Royals,,9.0,14648,win,League,MJ Lumb,False,True,Punjab Kings,False
419144,2010,6,Kolkata,2010-04-07,Indian Premier League,39,male,T20,T20,20,2010,club,Eden Gardens,Kolkata Knight Riders,Kolkata Knight Riders,Delhi Capitals,bat,Kolkata Knight Riders,14.0,,11919,win,League,SC Ganguly,True,True,Kolkata Knight Riders,True
419145,2010,6,Bangalore,2010-04-08,Indian Premier League,40,male,T20,T20,20,2010,club,M Chinnaswamy Stadium,Deccan Chargers,Royal Challengers Bengaluru,Deccan Chargers,field,Deccan Chargers,,7.0,13595,win,League,TL Suman,True,False,Royal Challengers Bengaluru,False
419146,2010,6,Chandigarh,2010-04-09,Indian Premier League,41,male,T20,T20,20,2010,club,"Punjab Cricket Association Stadium, Mohali",Mumbai Indians,Punjab Kings,Mumbai Indians,bat,Punjab Kings,,6.0,11954,win,League,KC Sangakkara,False,True,Mumbai Indians,False
419147,2010,6,Nagpur,2010-04-10,Indian Premier League,42,male,T20,T20,20,2010,club,"Vidarbha Cricket Association Stadium, Jamtha",Chennai Super Kings,Deccan Chargers,Chennai Super Kings,bat,Deccan Chargers,,6.0,13785,win,League,RJ Harris,False,True,Chennai Super Kings,False
419148,2010,6,Bangalore,2010-04-10,Indian Premier League,43,male,T20,T20,20,2010,club,M Chinnaswamy Stadium,Royal Challengers Bengaluru,Royal Challengers Bengaluru,Kolkata Knight Riders,field,Royal Challengers Bengaluru,,7.0,1242,win,League,R Vinay Kumar,True,False,Kolkata Knight Riders,False
419149,2010,6,Delhi,2010-04-11,Indian Premier League,44,male,T20,T20,20,2010,club,Feroz Shah Kotla,Delhi Capitals,Delhi Capitals,Punjab Kings,bat,Punjab Kings,,7.0,63,win,League,PP Chawla,False,True,Delhi Capitals,False
419150,2010,6,Jaipur,2010-04-11,Indian Premier League,45,male,T20,T20,20,2010,club,Sawai Mansingh Stadium,Rajasthan Royals,Rajasthan Royals,Mumbai Indians,field,Mumbai Indians,37.0,,12580,win,League,SR Tendulkar,False,True,Mumbai Indians,True
419151,2010,6,Nagpur,2010-04-12,Indian Premier League,46,male,T20,T20,20,2010,club,"Vidarbha Cricket Association Stadium, Jamtha",Royal Challengers Bengaluru,Deccan Chargers,Royal Challengers Bengaluru,field,Deccan Chargers,13.0,,13267,win,League,Harmeet Singh,False,True,Deccan Chargers,True
419152,2010,6,Mumbai,2010-04-13,Indian Premier League,47,male,T20,T20,20,2010,club,Brabourne Stadium,Mumbai Indians,Mumbai Indians,Delhi Capitals,bat,Mumbai Indians,39.0,,29,win,League,KA Pollard,True,True,Mumbai Indians,True
419153,2010,6,Chennai,2010-04-13,Indian Premier League,48,male,T20,T20,20,2010,club,"MA Chidambaram Stadium, Chepauk",Kolkata Knight Riders,Chennai Super Kings,Kolkata Knight Riders,bat,Chennai Super Kings,,9.0,1416,win,League,R Ashwin,False,True,Kolkata Knight Riders,False
419154,2010,6,Jaipur,2010-04-14,Indian Premier League,49,male,T20,T20,20,2010,club,Sawai Mansingh Stadium,Rajasthan Royals,Rajasthan Royals,Royal Challengers Bengaluru,bat,Royal Challengers Bengaluru,,5.0,13231,win,League,KP Pietersen,False,True,Rajasthan Royals,False
419155,2010,6,Chennai,2010-04-15,Indian Premier League,50,male,T20,T20,20,2010,club,"MA Chidambaram Stadium, Chepauk",Chennai Super Kings,Chennai Super Kings,Delhi Capitals,bat,Delhi Capitals,,6.0,56,win,League,G Gambhir,False,True,Chennai Super Kings,False
419156,2010,6,Dharamsala,2010-04-16,Indian Premier League,51,male,T20,T20,20,2010,club,Himachal Pradesh Cricket Association Stadium,Deccan Chargers,Punjab Kings,Deccan Chargers,field,Deccan Chargers,,5.0,25,win,League,RG Sharma,True,False,Punjab Kings,False
419157,2010,6,Bangalore,2010-04-17,Indian Premier League,52,male,T20,T20,20,2010,club,M Chinnaswamy Stadium,Royal Challengers Bengaluru,Royal Challengers Bengaluru,Mumbai Indians,field,Mumbai Indians,57.0,,14478,win,League,R McLaren,False,True,Mumbai Indians,True
419158,2010,6,Kolkata,2010-04-17,Indian Premier League,53,male,T20,T20,20,2010,club,Eden Gardens,Rajasthan Royals,Kolkata Knight Riders,Rajasthan Royals,bat,Kolkata Knight Riders,,8.0,438,win,League,JD Unadkat,False,True,Rajasthan Royals,False
419159,2010,6,Dharamsala,2010-04-18,Indian Premier League,54,male,T20,T20,20,2010,club,Himachal Pradesh Cricket Association Stadium,Chennai Super Kings,Punjab Kings,Chennai Super Kings,field,Chennai Super Kings,,6.0,38,win,League,MS Dhoni,True,False,Punjab Kings,False
419160,2010,6,Delhi,2010-04-18,Indian Premier League,55,male,T20,T20,20,2010,club,Feroz Shah Kotla,Deccan Chargers,Delhi Capitals,Deccan Chargers,bat,Deccan Chargers,11.0,,12010,win,League,A Symonds,True,True,Deccan Chargers,True
419161,2010,6,Kolkata,2010-04-19,Indian Premier League,56,male,T20,T20,20,2010,club,Eden Gardens,Mumbai Indians,Kolkata Knight Riders,Mumbai Indians,bat,Kolkata Knight Riders,,9.0,11928,win,League,M Kartik,False,True,Mumbai Indians,False
419162,2010,6,Mumbai,2010-04-21,Indian Premier League,0,male,T20,T20,20,2010,club,Dr DY Patil Sports Academy,Mumbai Indians,Royal Challengers Bengaluru,Mumbai Indians,bat,Mumbai Indians,35.0,,29,win,League,KA Pollard,True,True,Mumbai Indians,True
419163,2010,6,Mumbai,2010-04-22,Indian Premier League,0,male,T20,T20,20,2010,club,Dr DY Patil Sports Academy,Chennai Super Kings,Chennai Super Kings,Deccan Chargers,bat,Chennai Super Kings,38.0,,15140,win,League,DE Bollinger,True,True,Chennai Super Kings,True
419164,2010,6,Mumbai,2010-04-24,Indian Premier League,0,male,T20,T20,20,2010,club,Dr DY Patil Sports Academy,Deccan Chargers,Royal Challengers Bengaluru,Deccan Chargers,bat,Royal Challengers Bengaluru,,9.0,12160,win,League,A Kumble,False,True,Deccan Chargers,False
419165,2010,6,Mumbai,2010-04-25,Indian Premier League,0,male,T20,T20,20,2010,club,Dr DY Patil Sports Academy,Chennai Super Kings,Chennai Super Kings,Mumbai Indians,bat,Chennai Super Kings,22.0,,47,win,League,SK Raina,True,True,Chennai Super Kings,True
501198,2011,6,Chennai,2011-04-08,Indian Premier League,1,male,T20,T20,20,2011,club,"MA Chidambaram Stadium, Chepauk",Chennai Super Kings,Chennai Super Kings,Kolkata Knight Riders,bat,Chennai Super Kings,2.0,,12471,win,League,S Anirudha,True,True,Chennai Super Kings,True
501199,2011,6,Hyderabad,2011-04-09,Indian Premier League,2,male,T20,T20,20,2011,club,"Rajiv Gandhi International Stadium, Uppal",Rajasthan Royals,Deccan Chargers,Rajasthan Royals,field,Rajasthan Royals,,8.0,11972,win,League,SK Trivedi,True,False,Deccan Chargers,False
501200,2011,6,Kochi,2011-04-09,Indian Premier League,3,male,T20,T20,20,2011,club,Nehru Stadium,Kochi Tuskers Kerala,Kochi Tuskers Kerala,Royal Challengers Bengaluru,bat,Royal Challengers Bengaluru,,6.0,245,win,League,AB de Villiers,False,True,Kochi Tuskers Kerala,False
501201,2011,6,Delhi,2011-04-10,Indian Premier League,4,male,T20,T20,20,2011,club,Feroz Shah Kotla,Delhi Capitals,Delhi Capitals,Mumbai Indians,bat,Mumbai Indians,,8.0,230,win,League,SL Malinga,False,True,Delhi Capitals,False
501202,2011,6,Mumbai,2011-04-10,Indian Premier League,5,male,T20,T20,20,2011,club,Dr DY Patil Sports Academy,Punjab Kings,Pune Warriors,Punjab Kings,bat,Pune Warriors,,7.0,15150,win,League,SB Wagh,False,True,Punjab Kings,False
501203,2011,6,Kolkata,2011-04-11,Indian Premier League,6,male,T20,T20,20,2011,club,Eden Gardens,Kolkata Knight Riders,Kolkata Knight Riders,Deccan Chargers,bat,Kolkata Knight Riders,9.0,,11933,win,League,JH Kallis,True,True,Kolkata Knight Riders,True
501204,2011,6,Jaipur,2011-04-12,Indian Premier League,7,male,T20,T20,20,2011,club,Sawai Mansingh Stadium,Delhi Capitals,Rajasthan Royals,Delhi Capitals,bat,Rajasthan Royals,,6.0,11971,win,League,SK Warne,False,True,Delhi Capitals,False
501205,2011,6,Bangalore,2011-04-12,Indian Premier League,8,male,T20,T20,20,2011,club,M Chinnaswamy Stadium,Mumbai Indians,Royal Challengers Bengaluru,Mumbai Indians,field,Mumbai Indians,,9.0,12580,win,League,SR Tendulkar,True,False,Royal Challengers Bengaluru,False
501206,2011,6,Chandigarh,2011-04-13,Indian Premier League,9,male,T20,T20,20,2011,club,"Punjab Cricket Association Stadium, Mohali",Punjab Kings,Punjab Kings,Chennai Super Kings,field,Punjab Kings,,6.0,13383,win,League,PC Valthaty,True,False,Chennai Super Kings,False
501207,2011,6,Mumbai,2011-04-13,Indian Premier League,10,male,T20,T20,20,2011,club,Dr DY Patil Sports Academy,Kochi Tuskers Kerala,Pune Warriors,Kochi Tuskers Kerala,bat,Pune Warriors,,4.0,14757,win,League,MD Mishra,False,True,Kochi Tuskers Kerala,False
501208,2011,6,Hyderabad,2011-04-14,Indian Premier League,11,male,T20,T20,20,2011,club,"Rajiv Gandhi International Stadium, Uppal",Royal Challengers Bengaluru,Deccan Chargers,Royal Challengers Bengaluru,field,Deccan Chargers,33.0,,3451,win,League,DW Steyn,False,True,Deccan Chargers,True
501209,2011,6,Jaipur,2011-04-15,Indian Premier League,12,male,T20,T20,20,2011,club,Sawai Mansingh Stadium,Kolkata Knight Riders,Rajasthan Royals,Kolkata Knight Riders,field,Kolkata Knight Riders,,9.0,56,win,League,G Gambhir,True,False,Rajasthan Royals,False
501210,2011,6,Mumbai,2011-04-15,Indian Premier League,13,male,T20,T20,20,2011,club,Wankhede Stadium,Kochi Tuskers Kerala,Mumbai Indians,Kochi Tuskers Kerala,field,Kochi Tuskers Kerala,,8.0,46,win,League,BB McCullum,True,False,Mumbai Indians,False
501211,2011,6,Chennai,2011-04-16,Indian Premier League,14,male,T20,T20,20,2011,club,"MA Chidambaram Stadium, Chepauk",Chennai Super Kings,Chennai Super Kings,Royal Challengers Bengaluru,bat,Chennai Super Kings,21.0,,11943,win,League,MEK Hussey,True,True,Chennai Super Kings,True
501212,2011,6,Hyderabad,2011-04-16,Indian Premier League,15,male,T20,T20,20,2011,club,"Rajiv Gandhi International Stadium, Uppal",Punjab Kings,Deccan Chargers,Punjab Kings,field,Punjab Kings,,8.0,13383,win,League,PC Valthaty,True,False,Deccan Chargers,False
501213,2011,6,Mumbai,2011-04-17,Indian Premier League,16,male,T20,T20,20,2011,club,Dr DY Patil Sports Academy,Delhi Capitals,Pune Warriors,Delhi Capitals,field,Delhi Capitals,,3.0,15,win,League,Yuvraj Singh,True,False,Pune Warriors,False
501214,2011,6,Kolkata,2011-04-17,Indian Premier League,17,male,T20,T20,20,2011,club,Eden Gardens,Kolkata Knight Riders,Kolkata Knight Riders,Rajasthan Royals,field,Kolkata Knight Riders,,8.0,12523,win,League,L Balaji,True,False,Rajasthan Royals,False
501215,2011,6,Kochi,2011-04-18,Indian Premier League,18,male,T20,T20,20,2011,club,Nehru Stadium,Kochi Tuskers Kerala,Kochi Tuskers Kerala,Chennai Super Kings,field,Kochi Tuskers Kerala,,7.0,46,win,League,BB McCullum,True,False,Chennai Super Kings,False
501216,2011,6,Delhi,2011-04-19,Indian Premier League,19,male,T20,T20,20,2011,club,Feroz Shah Kotla,Deccan Chargers,Delhi Capitals,Deccan Chargers,bat,Deccan Chargers,16.0,,12035,win,League,S Sohal,True,True,Deccan Chargers,True
501218,2011,6,Mumbai,2011-04-20,Indian Premier League,21,male,T20,T20,20,2011,club,Wankhede Stadium,Pune Warriors,Mumbai Indians,Pune Warriors,bat,Mumbai Indians,,7.0,418,win,League,MM Patel,False,True,Pune Warriors,False
501219,2011,6,Kolkata,2011-04-20,Indian Premier League,22,male,T20,T20,20,2011,club,Eden Gardens,Kolkata Knight Riders,Kolkata Knight Riders,Kochi Tuskers Kerala,field,Kochi Tuskers Kerala,6.0,,12032,win,League,DPMD Jayawardene,False,True,Kochi Tuskers Kerala,True
501220,2011,6,Chandigarh,2011-04-21,Indian Premier League,23,male,T20,T20,20,2011,club,"Punjab Cricket Association Stadium, Mohali",Rajasthan Royals,Punjab Kings,Rajasthan Royals,field,Punjab Kings,48.0,,541,win,League,SE Marsh,False,True,Punjab Kings,True
501221,2011,6,Mumbai,2011-04-22,Indian Premier League,25,male,T20,T20,20,2011,club,Wankhede Stadium,Chennai Super Kings,Mumbai Indians,Chennai Super Kings,field,Mumbai Indians,8.0,,228,win,League,Harbhajan Singh,False,True,Mumbai Indians,True
501222,2011,6,Kolkata,2011-04-22,Indian Premier League,24,male,T20,T20,20,2011,club,Eden Gardens,Royal Challengers Bengaluru,Kolkata Knight Riders,Royal Challengers Bengaluru,field,Royal Challengers Bengaluru,,9.0,1,win,League,CH Gayle,True,False,Kolkata Knight Riders,False
501223,2011,6,Delhi,2011-04-23,Indian Premier League,26,male,T20,T20,20,2011,club,Feroz Shah Kotla,Punjab Kings,Delhi Capitals,Punjab Kings,field,Delhi Capitals,29.0,,12,win,League,DA Warner,False,True,Delhi Capitals,True
501224,2011,6,Hyderabad,2011-04-24,Indian Premier League,27,male,T20,T20,20,2011,club,"Rajiv Gandhi International Stadium, Uppal",Deccan Chargers,Deccan Chargers,Mumbai Indians,field,Mumbai Indians,37.0,,230,win,League,SL Malinga,False,True,Mumbai Indians,True
501225,2011,6,Jaipur,2011-04-24,Indian Premier League,28,male,T20,T20,20,2011,club,Sawai Mansingh Stadium,Rajasthan Royals,Rajasthan Royals,Kochi Tuskers Kerala,field,Rajasthan Royals,,8.0,11971,win,League,SK Warne,True,False,Kochi Tuskers Kerala,False
501226,2011,6,Chennai,2011-04-25,Indian Premier League,29,male,T20,T20,20,2011,club,"MA Chidambaram Stadium, Chepauk",Pune Warriors,Chennai Super Kings,Pune Warriors,field,Chennai Super Kings,25.0,,11943,win,League,MEK Hussey,False,True,Chennai Super Kings,True
501227,2011,6,Delhi,2011-04-26,Indian Premier League,30,male,T20,T20,20,2011,club,Feroz Shah Kotla,Royal Challengers Bengaluru,Delhi Capitals,Royal Challengers Bengaluru,field,Royal Challengers Bengaluru,,3.0,332,win,League,V Kohli,True,False,Delhi Capitals,False
501228,2011,6,Mumbai,2011-04-27,Indian Premier League,31,male,T20,T20,20,2011,club,Dr DY Patil Sports Academy,Pune Warriors,Pune Warriors,Chennai Super Kings,bat,Chennai Super Kings,,8.0,15140,win,League,DE Bollinger,False,True,Pune Warriors,False
501229,2011,6,Kochi,2011-04-27,Indian Premier League,32,male,T20,T20,20,2011,club,Nehru Stadium,Kochi Tuskers Kerala,Kochi Tuskers Kerala,Deccan Chargers,field,Deccan Chargers,55.0,,308,win,League,I Sharma,False,True,Deccan Chargers,True
501230,2011,6,Delhi,2011-04-28,Indian Premier League,33,male,T20,T20,20,2011,club,Feroz Shah Kotla,Delhi Capitals,Delhi Capitals,Kolkata Knight Riders,field,Kolkata Knight Riders,17.0,,39,win,League,MK Tiwary,False,True,Kolkata Knight Riders,True
501231,2011,6,Jaipur,2011-04-29,Indian Premier League,34,male,T20,T20,20,2011,club,Sawai Mansingh Stadium,Rajasthan Royals,Rajasthan Royals,Mumbai Indians,field,Rajasthan Royals,,7.0,14136,win,League,J Botha,True,False,Mumbai Indians,False
501232,2011,6,Bangalore,2011-04-29,Indian Premier League,35,male,T20,T20,20,2011,club,M Chinnaswamy Stadium,Pune Warriors,Royal Challengers Bengaluru,Pune Warriors,field,Royal Challengers Bengaluru,26.0,,332,win,League,V Kohli,False,True,Royal Challengers Bengaluru,True
501233,2011,6,Kochi,2011-04-30,Indian Premier League,36,male,T20,T20,20,2011,club,Nehru Stadium,Delhi Capitals,Kochi Tuskers Kerala,Delhi Capitals,bat,Delhi Capitals,38.0,,11975,win,League,V Sehwag,True,True,Delhi Capitals,True
501234,2011,6,Kolkata,2011-04-30,Indian Premier League,37,male,T20,T20,20,2011,club,Eden Gardens,Kolkata Knight Riders,Kolkata Knight Riders,Punjab Kings,field,Kolkata Knight Riders,,8.0,173,win,League,Iqbal Abdulla,True,False,Punjab Kings,False
501235,2011,6,Jaipur,2011-05-01,Indian Premier League,38,male,T20,T20,20,2011,club,Sawai Mansingh Stadium,Rajasthan Royals,Rajasthan Royals,Pune Warriors,field,Rajasthan Royals,,6.0,11998,win,League,LRPL Taylor,True,False,Pune Warriors,False
501236,2011,6,Chennai,2011-05-01,Indian Premier League,39,male,T20,T20,20,2011,club,"MA Chidambaram Stadium, Chepauk",Chennai Super Kings,Chennai Super Kings,Deccan Chargers,bat,Chennai Super Kings,19.0,,12234,win,League,JA Morkel,True,True,Chennai Super Kings,True
501237,2011,6,Mumbai,2011-05-02,Indian Premier League,40,male,T20,T20,20,2011,club,Wankhede Stadium,Punjab Kings,Mumbai Indians,Punjab Kings,field,Mumbai Indians,23.0,,29,win,League,KA Pollard,False,True,Mumbai Indians,True
501238,2011,6,Delhi,2011-05-02,Indian Premier League,41,male,T20,T20,20,2011,club,Feroz Shah Kotla,Kochi Tuskers Kerala,Delhi Capitals,Kochi Tuskers Kerala,field,Kochi Tuskers Kerala,,7.0,16648,win,League,P Parameswaran,True,False,Delhi Capitals,False
501239,2011,6,Hyderabad,2011-05-03,Indian Premier League,42,male,T20,T20,20,2011,club,"Rajiv Gandhi International Stadium, Uppal",Deccan Chargers,Deccan Chargers,Kolkata Knight Riders,field,Kolkata Knight Riders,20.0,,60,win,League,YK Pathan,False,True,Kolkata Knight Riders,True
501240,2011,6,Chennai,2011-05-04,Indian Premier League,43,male,T20,T20,20,2011,club,"MA Chidambaram Stadium, Chepauk",Rajasthan Royals,Chennai Super Kings,Rajasthan Royals,bat,Chennai Super Kings,,8.0,11943,win,League,MEK Hussey,False,True,Rajasthan Royals,False
501241,2011,6,Mumbai,2011-05-04,Indian Premier League,44,male,T20,T20,20,2011,club,Dr DY Patil Sports Academy,Pune Warriors,Pune Warriors,Mumbai Indians,field,Mumbai Indians,21.0,,14765,win,League,R Sharma,False,True,Mumbai Indians,True
501242,2011,6,Kochi,2011-05-05,Indian Premier League,45,male,T20,T20,20,2011,club,Nehru Stadium,Kolkata Knight Riders,Kochi Tuskers Kerala,Kolkata Knight Riders,field,Kochi Tuskers Kerala,17.0,,12318,win,League,BJ Hodge,False,True,Kochi Tuskers Kerala,True
501243,2011,6,Hyderabad,2011-05-05,Indian Premier League,46,male,T20,T20,20,2011,club,"Rajiv Gandhi International Stadium, Uppal",Delhi Capitals,Deccan Chargers,Delhi Capitals,field,Delhi Capitals,,4.0,11975,win,League,V Sehwag,True,False,Deccan Chargers,False
501244,2011,6,Bangalore,2011-05-06,Indian Premier League,47,male,T20,T20,20,2011,club,M Chinnaswamy Stadium,Punjab Kings,Royal Challengers Bengaluru,Punjab Kings,field,Royal Challengers Bengaluru,85.0,,1,win,League,CH Gayle,False,True,Royal Challengers Bengaluru,True
501245,2011,6,Kolkata,2011-05-07,Indian Premier League,48,male,T20,T20,20,2011,club,Eden Gardens,Chennai Super Kings,Kolkata Knight Riders,Chennai Super Kings,bat,Kolkata Knight Riders,10.0,,173,win,League,Iqbal Abdulla,False,True,Chennai Super Kings,False
501246,2011,6,Mumbai,2011-05-07,Indian Premier League,49,male,T20,T20,20,2011,club,Wankhede Stadium,Delhi Capitals,Mumbai Indians,Delhi Capitals,field,Mumbai Indians,32.0,,27,win,League,AT Rayudu,False,True,Mumbai Indians,True
501247,2011,6,Bangalore,2011-05-08,Indian Premier League,50,male,T20,T20,20,2011,club,M Chinnaswamy Stadium,Kochi Tuskers Kerala,Royal Challengers Bengaluru,Kochi Tuskers Kerala,bat,Royal Challengers Bengaluru,,9.0,1,win,League,CH Gayle,False,True,Kochi Tuskers Kerala,False
501248,2011,6,Chandigarh,2011-05-08,Indian Premier League,51,male,T20,T20,20,2011,club,"Punjab Cricket Association Stadium, Mohali",Punjab Kings,Punjab Kings,Pune Warriors,bat,Pune Warriors,,5.0,14765,win,League,R Sharma,False,True,Punjab Kings,False
501249,2011,6,Jaipur,2011-05-09,Indian Premier League,52,male,T20,T20,20,2011,club,Sawai Mansingh Stadium,Rajasthan Royals,Rajasthan Royals,Chennai Super Kings,field,Chennai Super Kings,63.0,,1630,win,League,M Vijay,False,True,Chennai Super Kings,True
501250,2011,6,Hyderabad,2011-05-10,Indian Premier League,53,male,T20,T20,20,2011,club,"Rajiv Gandhi International Stadium, Uppal",Deccan Chargers,Deccan Chargers,Pune Warriors,bat,Pune Warriors,,6.0,4960,win,League,MR Marsh,False,True,Deccan Chargers,False
501251,2011,6,Chandigarh,2011-05-10,Indian Premier League,54,male,T20,T20,20,2011,club,"Punjab Cricket Association Stadium, Mohali",Mumbai Indians,Punjab Kings,Mumbai Indians,field,Punjab Kings,76.0,,15867,win,League,BA Bhatt,False,True,Punjab Kings,True
501252,2011,6,Jaipur,2011-05-11,Indian Premier League,55,male,T20,T20,20,2011,club,Sawai Mansingh Stadium,Royal Challengers Bengaluru,Rajasthan Royals,Royal Challengers Bengaluru,field,Royal Challengers Bengaluru,,9.0,8,win,League,S Aravind,True,False,Rajasthan Royals,False
501253,2011,6,Chennai,2011-05-12,Indian Premier League,56,male,T20,T20,20,2011,club,"MA Chidambaram Stadium, Chepauk",Chennai Super Kings,Chennai Super Kings,Delhi Capitals,bat,Chennai Super Kings,18.0,,38,win,League,MS Dhoni,True,True,Chennai Super Kings,True
501254,2011,6,Indore,2011-05-13,Indian Premier League,57,male,T20,T20,20,2011,club,Holkar Cricket Stadium,Punjab Kings,Kochi Tuskers Kerala,Punjab Kings,field,Punjab Kings,,6.0,49,win,League,KD Karthik,True,False,Kochi Tuskers Kerala,False
501255,2011,6,Bangalore,2011-05-14,Indian Premier League,58,male,T20,T20,20,2011,club,M Chinnaswamy Stadium,Royal Challengers Bengaluru,Royal Challengers Bengaluru,Kolkata Knight Riders,field,Royal Challengers Bengaluru,,4.0,1,win,League,CH Gayle,True,False,Kolkata Knight Riders,False
501256,2011,6,Mumbai,2011-05-14,Indian Premier League,59,male,T20,T20,20,2011,club,Wankhede Stadium,Deccan Chargers,Mumbai Indians,Deccan Chargers,bat,Deccan Chargers,10.0,,185,win,League,A Mishra,True,True,Deccan Chargers,True
501257,2011,6,Dharamsala,2011-05-15,Indian Premier League,60,male,T20,T20,20,2011,club,Himachal Pradesh Cricket Association Stadium,Delhi Capitals,Punjab Kings,Delhi Capitals,field,Punjab Kings,29.0,,63,win,League,PP Chawla,False,True,Punjab Kings,True
501258,2011,6,Indore,2011-05-15,Indian Premier League,61,male,T20,T20,20,2011,club,Holkar Cricket Stadium,Kochi Tuskers Kerala,Kochi Tuskers Kerala,Rajasthan Royals,field,Kochi Tuskers Kerala,,8.0,12318,win,League,BJ Hodge,True,False,Rajasthan Royals,False
501259,2011,6,Mumbai,2011-05-16,Indian Premier League,62,male,T20,T20,20,2011,club,Dr DY Patil Sports Academy,Deccan Chargers,Pune Warriors,Deccan Chargers,field,Deccan Chargers,,6.0,185,win,League,A Mishra,True,False,Pune Warriors,False
501260,2011,6,Dharamsala,2011-05-17,Indian Premier League,63,male,T20,T20,20,2011,club,Himachal Pradesh Cricket Association Stadium,Punjab Kings,Punjab Kings,Royal Challengers Bengaluru,bat,Punjab Kings,111.0,,12007,win,League,AC Gilchrist,True,True,Punjab Kings,True
501261,2011,6,Chennai,2011-05-18,Indian Premier League,64,male,T20,T20,20,2011,club,"MA Chidambaram Stadium, Chepauk",Chennai Super Kings,Chennai Super Kings,Kochi Tuskers Kerala,bat,Chennai Super Kings,11.0,,69,win,League,WP Saha,True,True,Chennai Super Kings,True
501262,2011,6,Mumbai,2011-05-19,Indian Premier League,65,male,T20,T20,20,2011,club,Dr DY Patil Sports Academy,Kolkata Knight Riders,Pune Warriors,Kolkata Knight Riders,field,Kolkata Knight Riders,,7.0,60,win,League,YK Pathan,True,False,Pune Warriors,False
501263,2011,6,Mumbai,2011-05-20,Indian Premier League,66,male,T20,T20,20,2011,club,Wankhede Stadium,Mumbai Indians,Mumbai Indians,Rajasthan Royals,bat,Rajasthan Royals,,10.0,5,win,League,SR Watson,False,True,Mumbai Indians,False
501264,2011,6,Dharamsala,2011-05-21,Indian Premier League,67,male,T20,T20,20,2011,club,Himachal Pradesh Cricket Association Stadium,Punjab Kings,Punjab Kings,Deccan Chargers,field,Deccan Chargers,82.0,,13,win,League,S Dhawan,False,True,Deccan Chargers,True
501265,2011,6,Delhi,2011-05-21,Indian Premier League,68,male,T20,T20,20,2011,club,Feroz Shah Kotla,Delhi Capitals,Delhi Capitals,Pune Warriors,bat,,,,nan,no result,League,,False,True,Delhi Capitals,False
501266,2011,6,Bangalore,2011-05-22,Indian Premier League,69,male,T20,T20,20,2011,club,M Chinnaswamy Stadium,Royal Challengers Bengaluru,Royal Challengers Bengaluru,Chennai Super Kings,field,Royal Challengers Bengaluru,,8.0,1,win,League,CH Gayle,True,False,Chennai Super Kings,False
501267,2011,6,Kolkata,2011-05-22,Indian Premier League,70,male,T20,T20,20,2011,club,Eden Gardens,Mumbai Indians,Kolkata Knight Riders,Mumbai Indians,field,Mumbai Indians,,5.0,15851,win,League,JEC Franklin,True,False,Kolkata Knight Riders,False
501268,2011,6,Mumbai,2011-05-24,Indian Premier League,0,male,T20,T20,20,2011,club,Wankhede Stadium,Chennai Super Kings,Royal Challengers Bengaluru,Chennai Super Kings,field,Chennai Super Kings,,6.0,47,win,League,SK Raina,True,False,Royal Challengers Bengaluru,False
501269,2011,6,Mumbai,2011-05-25,Indian Premier League,0,male,T20,T20,20,2011,club,Wankhede Stadium,Mumbai Indians,Mumbai Indians,Kolkata Knight Riders,field,Mumbai Indians,,4.0,418,win,League,MM Patel,True,False,Kolkata Knight Riders,False
501270,2011,6,Chennai,2011-05-27,Indian Premier League,0,male,T20,T20,20,2011,club,"MA Chidambaram Stadium, Chepauk",Mumbai Indians,Royal Challengers Bengaluru,Mumbai Indians,field,Royal Challengers Bengaluru,43.0,,1,win,League,CH Gayle,False,True,Royal Challengers Bengaluru,True
501271,2011,6,Chennai,2011-05-28,Indian Premier League,0,male,T20,T20,20,2011,club,"MA Chidambaram Stadium, Chepauk",Chennai Super Kings,Chennai Super Kings,Royal Challengers Bengaluru,bat,Chennai Super Kings,58.0,,1630,win,League,M Vijay,True,True,Chennai Super Kings,True
548306,2012,6,Chennai,2012-04-04,Indian Premier League,1,male,T20,T20,20,2012,club,"MA Chidambaram Stadium, Chepauk",Mumbai Indians,Chennai Super Kings,Mumbai Indians,field,Mumbai Indians,,8.0,34272,win,League,RE Levi,True,False,Chennai Super Kings,False
548307,2012,6,Kolkata,2012-04-05,Indian Premier League,2,male,T20,T20,20,2012,club,Eden Gardens,Delhi Capitals,Kolkata Knight Riders,Delhi Capitals,field,Delhi Capitals,,8.0,811,win,League,IK Pathan,True,False,Kolkata Knight Riders,False
548308,2012,6,Mumbai,2012-04-06,Indian Premier League,3,male,T20,T20,20,2012,club,Wankhede Stadium,Mumbai Indians,Mumbai Indians,Pune Warriors,field,Pune Warriors,28.0,,36,win,League,SPD Smith,False,True,Pune Warriors,True
548309,2012,6,Jaipur,2012-04-06,Indian Premier League,4,male,T20,T20,20,2012,club,Sawai Mansingh Stadium,Punjab Kings,Rajasthan Royals,Punjab Kings,field,Rajasthan Royals,31.0,,34,win,League,AM Rahane,False,True,Rajasthan Royals,True
548310,2012,6,Bangalore,2012-04-07,Indian Premier League,5,male,T20,T20,20,2012,club,M Chinnaswamy Stadium,Delhi Capitals,Royal Challengers Bengaluru,Delhi Capitals,field,Royal Challengers Bengaluru,20.0,,245,win,League,AB de Villiers,False,True,Royal Challengers Bengaluru,True
548311,2012,6,Visakhapatnam,2012-04-07,Indian Premier League,6,male,T20,T20,20,2012,club,Dr. Y.S. Rajasekhara Reddy ACA-VDCA Cricket Stadium,Deccan Chargers,Deccan Chargers,Chennai Super Kings,field,Chennai Super Kings,74.0,,348,win,League,RA Jadeja,False,True,Chennai Super Kings,True
548312,2012,6,Jaipur,2012-04-08,Indian Premier League,7,male,T20,T20,20,2012,club,Sawai Mansingh Stadium,Kolkata Knight Riders,Rajasthan Royals,Kolkata Knight Riders,field,Rajasthan Royals,22.0,,12318,win,League,BJ Hodge,False,True,Rajasthan Royals,True
548313,2012,6,Pune,2012-04-08,Indian Premier League,8,male,T20,T20,20,2012,club,Subrata Roy Sahara Stadium,Pune Warriors,Pune Warriors,Punjab Kings,bat,Pune Warriors,22.0,,963,win,League,MN Samuels,True,True,Pune Warriors,True
548314,2012,6,Visakhapatnam,2012-04-09,Indian Premier League,9,male,T20,T20,20,2012,club,Dr. Y.S. Rajasekhara Reddy ACA-VDCA Cricket Stadium,Deccan Chargers,Deccan Chargers,Mumbai Indians,bat,Mumbai Indians,,5.0,25,win,League,RG Sharma,False,True,Deccan Chargers,False
548315,2012,6,Bangalore,2012-04-10,Indian Premier League,10,male,T20,T20,20,2012,club,M Chinnaswamy Stadium,Royal Challengers Bengaluru,Royal Challengers Bengaluru,Kolkata Knight Riders,field,Kolkata Knight Riders,42.0,,12523,win,League,L Balaji,False,True,Kolkata Knight Riders,True
548316,2012,6,Delhi,2012-04-10,Indian Premier League,11,male,T20,T20,20,2012,club,Feroz Shah Kotla,Delhi Capitals,Delhi Capitals,Chennai Super Kings,field,Delhi Capitals,,8.0,13863,win,League,M Morkel,True,False,Chennai Super Kings,False
548317,2012,6,Mumbai,2012-04-11,Indian Premier League,12,male,T20,T20,20,2012,club,Wankhede Stadium,Rajasthan Royals,Mumbai Indians,Rajasthan Royals,field,Mumbai Indians,27.0,,29,win,League,KA Pollard,False,True,Mumbai Indians,True
548318,2012,6,Chennai,2012-04-12,Indian Premier League,13,male,T20,T20,20,2012,club,"MA Chidambaram Stadium, Chepauk",Royal Challengers Bengaluru,Chennai Super Kings,Royal Challengers Bengaluru,bat,Chennai Super Kings,,5.0,267,win,League,F du Plessis,False,True,Royal Challengers Bengaluru,False
548319,2012,6,Chandigarh,2012-04-12,Indian Premier League,14,male,T20,T20,20,2012,club,"Punjab Cricket Association Stadium, Mohali",Punjab Kings,Punjab Kings,Pune Warriors,field,Punjab Kings,,7.0,12661,win,League,AD Mascarenhas,True,False,Pune Warriors,False
548320,2012,6,Kolkata,2012-04-13,Indian Premier League,15,male,T20,T20,20,2012,club,Eden Gardens,Rajasthan Royals,Kolkata Knight Riders,Rajasthan Royals,bat,Kolkata Knight Riders,,5.0,579,win,League,Shakib Al Hasan,False,True,Rajasthan Royals,False
548321,2012,6,Delhi,2012-04-19,Indian Premier League,23,male,T20,T20,20,2012,club,Feroz Shah Kotla,Deccan Chargers,Delhi Capitals,Deccan Chargers,bat,Delhi Capitals,,5.0,13231,win,League,KP Pietersen,False,True,Deccan Chargers,False
548322,2012,6,Pune,2012-04-14,Indian Premier League,16,male,T20,T20,20,2012,club,Subrata Roy Sahara Stadium,Chennai Super Kings,Pune Warriors,Chennai Super Kings,bat,Pune Warriors,,7.0,13228,win,League,JD Ryder,False,True,Chennai Super Kings,False
548323,2012,6,Kolkata,2012-04-15,Indian Premier League,17,male,T20,T20,20,2012,club,Eden Gardens,Kolkata Knight Riders,Kolkata Knight Riders,Punjab Kings,field,Punjab Kings,2.0,,65,win,League,SP Narine,False,True,Punjab Kings,True
548324,2012,6,Bangalore,2012-04-15,Indian Premier League,18,male,T20,T20,20,2012,club,M Chinnaswamy Stadium,Rajasthan Royals,Royal Challengers Bengaluru,Rajasthan Royals,bat,Rajasthan Royals,59.0,,34,win,League,AM Rahane,True,True,Rajasthan Royals,True
548325,2012,6,Mumbai,2012-04-16,Indian Premier League,19,male,T20,T20,20,2012,club,Wankhede Stadium,Delhi Capitals,Mumbai Indians,Delhi Capitals,field,Delhi Capitals,,7.0,186,win,League,S Nadeem,True,False,Mumbai Indians,False
548326,2012,6,Jaipur,2012-04-17,Indian Premier League,20,male,T20,T20,20,2012,club,Sawai Mansingh Stadium,Deccan Chargers,Rajasthan Royals,Deccan Chargers,bat,Rajasthan Royals,,5.0,12318,win,League,BJ Hodge,False,True,Deccan Chargers,False
548327,2012,6,Bangalore,2012-04-17,Indian Premier League,21,male,T20,T20,20,2012,club,M Chinnaswamy Stadium,Pune Warriors,Royal Challengers Bengaluru,Pune Warriors,bat,Royal Challengers Bengaluru,,6.0,1,win,League,CH Gayle,False,True,Pune Warriors,False
548328,2012,6,Chandigarh,2012-04-18,Indian Premier League,22,male,T20,T20,20,2012,club,"Punjab Cricket Association Stadium, Mohali",Punjab Kings,Punjab Kings,Kolkata Knight Riders,bat,Kolkata Knight Riders,,8.0,56,win,League,G Gambhir,False,True,Punjab Kings,False
548329,2012,6,Hyderabad,2012-05-10,Indian Premier League,55,male,T20,T20,20,2012,club,"Rajiv Gandhi International Stadium, Uppal",Deccan Chargers,Deccan Chargers,Delhi Capitals,bat,Delhi Capitals,,9.0,12,win,League,DA Warner,False,True,Deccan Chargers,False
548330,2012,6,Chennai,2012-04-19,Indian Premier League,24,male,T20,T20,20,2012,club,"MA Chidambaram Stadium, Chepauk",Pune Warriors,Chennai Super Kings,Pune Warriors,field,Chennai Super Kings,13.0,,16414,win,League,KMDN Kulasekara,False,True,Chennai Super Kings,True
548331,2012,6,Chandigarh,2012-04-20,Indian Premier League,25,male,T20,T20,20,2012,club,"Punjab Cricket Association Stadium, Mohali",Royal Challengers Bengaluru,Punjab Kings,Royal Challengers Bengaluru,field,Royal Challengers Bengaluru,,5.0,1,win,League,CH Gayle,True,False,Punjab Kings,False
548332,2012,6,Chennai,2012-04-21,Indian Premier League,26,male,T20,T20,20,2012,club,"MA Chidambaram Stadium, Chepauk",Rajasthan Royals,Chennai Super Kings,Rajasthan Royals,bat,Chennai Super Kings,,7.0,267,win,League,F du Plessis,False,True,Rajasthan Royals,False
548333,2012,6,Delhi,2012-04-21,Indian Premier League,27,male,T20,T20,20,2012,club,Feroz Shah Kotla,Delhi Capitals,Delhi Capitals,Pune Warriors,field,Pune Warriors,20.0,,11919,win,League,SC Ganguly,False,True,Pune Warriors,True
548334,2012,6,Mumbai,2012-04-22,Indian Premier League,28,male,T20,T20,20,2012,club,Wankhede Stadium,Mumbai Indians,Mumbai Indians,Punjab Kings,bat,Punjab Kings,,6.0,541,win,League,SE Marsh,False,True,Mumbai Indians,False
548335,2012,6,Cuttack,2012-04-22,Indian Premier League,29,male,T20,T20,20,2012,club,Barabati Stadium,Kolkata Knight Riders,Deccan Chargers,Kolkata Knight Riders,field,Kolkata Knight Riders,,5.0,11959,win,League,B Lee,True,False,Deccan Chargers,False
548336,2012,6,Jaipur,2012-04-23,Indian Premier League,30,male,T20,T20,20,2012,club,Sawai Mansingh Stadium,Rajasthan Royals,Rajasthan Royals,Royal Challengers Bengaluru,field,Royal Challengers Bengaluru,46.0,,245,win,League,AB de Villiers,False,True,Royal Challengers Bengaluru,True
548337,2012,6,Pune,2012-04-24,Indian Premier League,31,male,T20,T20,20,2012,club,Subrata Roy Sahara Stadium,Pune Warriors,Pune Warriors,Delhi Capitals,bat,Delhi Capitals,,8.0,11975,win,League,V Sehwag,False,True,Pune Warriors,False
548339,2012,6,Chandigarh,2012-04-25,Indian Premier League,33,male,T20,T20,20,2012,club,"Punjab Cricket Association Stadium, Mohali",Punjab Kings,Punjab Kings,Mumbai Indians,bat,Mumbai Indians,,4.0,27,win,League,AT Rayudu,False,True,Punjab Kings,False
548341,2012,6,Pune,2012-04-26,Indian Premier League,35,male,T20,T20,20,2012,club,Subrata Roy Sahara Stadium,Deccan Chargers,Pune Warriors,Deccan Chargers,bat,Deccan Chargers,18.0,,11934,win,League,CL White,True,True,Deccan Chargers,True
548342,2012,6,Delhi,2012-04-27,Indian Premier League,36,male,T20,T20,20,2012,club,Feroz Shah Kotla,Mumbai Indians,Delhi Capitals,Mumbai Indians,field,Delhi Capitals,37.0,,11975,win,League,V Sehwag,False,True,Delhi Capitals,True
548343,2012,6,Chennai,2012-04-28,Indian Premier League,37,male,T20,T20,20,2012,club,"MA Chidambaram Stadium, Chepauk",Punjab Kings,Chennai Super Kings,Punjab Kings,bat,Punjab Kings,7.0,,2,win,League,Mandeep Singh,True,True,Punjab Kings,True
548344,2012,6,Kolkata,2012-04-28,Indian Premier League,38,male,T20,T20,20,2012,club,Eden Gardens,Kolkata Knight Riders,Kolkata Knight Riders,Royal Challengers Bengaluru,bat,Kolkata Knight Riders,47.0,,56,win,League,G Gambhir,True,True,Kolkata Knight Riders,True
548345,2012,6,Delhi,2012-04-29,Indian Premier League,39,male,T20,T20,20,2012,club,Feroz Shah Kotla,Delhi Capitals,Delhi Capitals,Rajasthan Royals,bat,Delhi Capitals,1.0,,11975,win,League,V Sehwag,True,True,Delhi Capitals,True
548346,2012,6,Mumbai,2012-04-29,Indian Premier League,40,male,T20,T20,20,2012,club,Wankhede Stadium,Mumbai Indians,Mumbai Indians,Deccan Chargers,field,Mumbai Indians,,5.0,3451,win,League,DW Steyn,True,False,Deccan Chargers,False
548347,2012,6,Chennai,2012-04-30,Indian Premier League,41,male,T20,T20,20,2012,club,"MA Chidambaram Stadium, Chepauk",Chennai Super Kings,Chennai Super Kings,Kolkata Knight Riders,bat,Kolkata Knight Riders,,5.0,56,win,League,G Gambhir,False,True,Chennai Super Kings,False
548348,2012,6,Cuttack,2012-05-01,Indian Premier League,42,male,T20,T20,20,2012,club,Barabati Stadium,Deccan Chargers,Deccan Chargers,Pune Warriors,bat,Deccan Chargers,13.0,,11954,win,League,KC Sangakkara,True,True,Deccan Chargers,True
548349,2012,6,Jaipur,2012-05-01,Indian Premier League,43,male,T20,T20,20,2012,club,Sawai Mansingh Stadium,Rajasthan Royals,Rajasthan Royals,Delhi Capitals,bat,Delhi Capitals,,6.0,172,win,League,P Negi,False,True,Rajasthan Royals,False
548350,2012,6,Bangalore,2012-05-02,Indian Premier League,44,male,T20,T20,20,2012,club,M Chinnaswamy Stadium,Punjab Kings,Royal Challengers Bengaluru,Punjab Kings,field,Punjab Kings,,4.0,34817,win,League,Azhar Mahmood,True,False,Royal Challengers Bengaluru,False
548351,2012,6,Pune,2012-05-03,Indian Premier League,45,male,T20,T20,20,2012,club,Subrata Roy Sahara Stadium,Mumbai Indians,Pune Warriors,Mumbai Indians,bat,Mumbai Indians,1.0,,230,win,League,SL Malinga,True,True,Mumbai Indians,True
548352,2012,6,Chennai,2012-05-04,Indian Premier League,46,male,T20,T20,20,2012,club,"MA Chidambaram Stadium, Chepauk",Chennai Super Kings,Chennai Super Kings,Deccan Chargers,bat,Chennai Super Kings,10.0,,47,win,League,SK Raina,True,True,Chennai Super Kings,True
548353,2012,6,Kolkata,2012-05-05,Indian Premier League,47,male,T20,T20,20,2012,club,Eden Gardens,Kolkata Knight Riders,Kolkata Knight Riders,Pune Warriors,bat,Kolkata Knight Riders,7.0,,65,win,League,SP Narine,True,True,Kolkata Knight Riders,True
548354,2012,6,Chandigarh,2012-05-05,Indian Premier League,48,male,T20,T20,20,2012,club,"Punjab Cricket Association Stadium, Mohali",Rajasthan Royals,Punjab Kings,Rajasthan Royals,bat,Rajasthan Royals,43.0,,5,win,League,SR Watson,True,True,Rajasthan Royals,True
548355,2012,6,Mumbai,2012-05-06,Indian Premier League,49,male,T20,T20,20,2012,club,Wankhede Stadium,Mumbai Indians,Mumbai Indians,Chennai Super Kings,field,Mumbai Indians,,2.0,50,win,League,DR Smith,True,False,Chennai Super Kings,False
548356,2012,6,Bangalore,2012-05-06,Indian Premier League,50,male,T20,T20,20,2012,club,M Chinnaswamy Stadium,Royal Challengers Bengaluru,Royal Challengers Bengaluru,Deccan Chargers,field,Royal Challengers Bengaluru,,5.0,245,win,League,AB de Villiers,True,False,Deccan Chargers,False
548357,2012,6,Delhi,2012-05-07,Indian Premier League,51,male,T20,T20,20,2012,club,Feroz Shah Kotla,Delhi Capitals,Delhi Capitals,Kolkata Knight Riders,bat,Kolkata Knight Riders,,6.0,11933,win,League,JH Kallis,False,True,Delhi Capitals,False
548358,2012,6,Pune,2012-05-08,Indian Premier League,52,male,T20,T20,20,2012,club,Subrata Roy Sahara Stadium,Pune Warriors,Pune Warriors,Rajasthan Royals,bat,Rajasthan Royals,,7.0,5,win,League,SR Watson,False,True,Pune Warriors,False
548359,2012,6,Hyderabad,2012-05-08,Indian Premier League,53,male,T20,T20,20,2012,club,"Rajiv Gandhi International Stadium, Uppal",Deccan Chargers,Deccan Chargers,Punjab Kings,field,Punjab Kings,25.0,,2,win,League,Mandeep Singh,False,True,Punjab Kings,True
548360,2012,6,Mumbai,2012-05-09,Indian Premier League,54,male,T20,T20,20,2012,club,Wankhede Stadium,Royal Challengers Bengaluru,Mumbai Indians,Royal Challengers Bengaluru,field,Royal Challengers Bengaluru,,9.0,1,win,League,CH Gayle,True,False,Mumbai Indians,False
548361,2012,6,Jaipur,2012-05-10,Indian Premier League,56,male,T20,T20,20,2012,club,Sawai Mansingh Stadium,Chennai Super Kings,Rajasthan Royals,Chennai Super Kings,field,Chennai Super Kings,,4.0,35239,win,League,BW Hilfenhaus,True,False,Rajasthan Royals,False
548362,2012,6,Pune,2012-05-11,Indian Premier League,57,male,T20,T20,20,2012,club,Subrata Roy Sahara Stadium,Pune Warriors,Pune Warriors,Royal Challengers Bengaluru,field,Royal Challengers Bengaluru,35.0,,1,win,League,CH Gayle,False,True,Royal Challengers Bengaluru,True
548363,2012,6,Kolkata,2012-05-12,Indian Premier League,58,male,T20,T20,20,2012,club,Eden Gardens,Mumbai Indians,Kolkata Knight Riders,Mumbai Indians,bat,Mumbai Indians,27.0,,25,win,League,RG Sharma,True,True,Mumbai Indians,True
548364,2012,6,Chennai,2012-05-12,Indian Premier League,59,male,T20,T20,20,2012,club,"MA Chidambaram Stadium, Chepauk",Chennai Super Kings,Chennai Super Kings,Delhi Capitals,field,Chennai Super Kings,,9.0,35239,win,League,BW Hilfenhaus,True,False,Delhi Capitals,False
548365,2012,6,Jaipur,2012-05-13,Indian Premier League,60,male,T20,T20,20,2012,club,Sawai Mansingh Stadium,Rajasthan Royals,Rajasthan Royals,Pune Warriors,bat,Rajasthan Royals,45.0,,34931,win,League,A Chandila,True,True,Rajasthan Royals,True
548366,2012,6,Chandigarh,2012-05-13,Indian Premier League,61,male,T20,T20,20,2012,club,"Punjab Cricket Association Stadium, Mohali",Deccan Chargers,Punjab Kings,Deccan Chargers,bat,Punjab Kings,,4.0,11922,win,League,DJ Hussey,False,True,Deccan Chargers,False
548367,2012,6,Bangalore,2012-05-14,Indian Premier League,62,male,T20,T20,20,2012,club,M Chinnaswamy Stadium,Mumbai Indians,Royal Challengers Bengaluru,Mumbai Indians,field,Mumbai Indians,,5.0,27,win,League,AT Rayudu,True,False,Royal Challengers Bengaluru,False
548368,2012,6,Kolkata,2012-05-14,Indian Premier League,63,male,T20,T20,20,2012,club,Eden Gardens,Chennai Super Kings,Kolkata Knight Riders,Chennai Super Kings,field,Chennai Super Kings,,5.0,11943,win,League,MEK Hussey,True,False,Kolkata Knight Riders,False
548369,2012,6,Delhi,2012-05-15,Indian Premier League,64,male,T20,T20,20,2012,club,Feroz Shah Kotla,Punjab Kings,Delhi Capitals,Punjab Kings,bat,Delhi Capitals,,5.0,318,win,League,UT Yadav,False,True,Punjab Kings,False
548370,2012,6,Mumbai,2012-05-16,Indian Premier League,65,male,T20,T20,20,2012,club,Wankhede Stadium,Mumbai Indians,Mumbai Indians,Kolkata Knight Riders,field,Kolkata Knight Riders,32.0,,65,win,League,SP Narine,False,True,Kolkata Knight Riders,True
548371,2012,6,Dharamsala,2012-05-17,Indian Premier League,66,male,T20,T20,20,2012,club,Himachal Pradesh Cricket Association Stadium,Punjab Kings,Punjab Kings,Chennai Super Kings,field,Punjab Kings,,6.0,12007,win,League,AC Gilchrist,True,False,Chennai Super Kings,False
548372,2012,6,Delhi,2012-05-17,Indian Premier League,67,male,T20,T20,20,2012,club,Feroz Shah Kotla,Delhi Capitals,Delhi Capitals,Royal Challengers Bengaluru,field,Royal Challengers Bengaluru,21.0,,1,win,League,CH Gayle,False,True,Royal Challengers Bengaluru,True
548373,2012,6,Hyderabad,2012-05-18,Indian Premier League,68,male,T20,T20,20,2012,club,"Rajiv Gandhi International Stadium, Uppal",Rajasthan Royals,Deccan Chargers,Rajasthan Royals,bat,Deccan Chargers,,5.0,3451,win,League,DW Steyn,False,True,Rajasthan Royals,False
548374,2012,6,Dharamsala,2012-05-19,Indian Premier League,69,male,T20,T20,20,2012,club,Himachal Pradesh Cricket Association Stadium,Delhi Capitals,Punjab Kings,Delhi Capitals,field,Delhi Capitals,,6.0,318,win,League,UT Yadav,True,False,Punjab Kings,False
548375,2012,6,Pune,2012-05-19,Indian Premier League,70,male,T20,T20,20,2012,club,Subrata Roy Sahara Stadium,Kolkata Knight Riders,Pune Warriors,Kolkata Knight Riders,bat,Kolkata Knight Riders,34.0,,579,win,League,Shakib Al Hasan,True,True,Kolkata Knight Riders,True
548376,2012,6,Hyderabad,2012-05-20,Indian Premier League,71,male,T20,T20,20,2012,club,"Rajiv Gandhi International Stadium, Uppal",Royal Challengers Bengaluru,Deccan Chargers,Royal Challengers Bengaluru,field,Deccan Chargers,9.0,,3451,win,League,DW Steyn,False,True,Deccan Chargers,True
548377,2012,6,Jaipur,2012-05-20,Indian Premier League,72,male,T20,T20,20,2012,club,Sawai Mansingh Stadium,Rajasthan Royals,Rajasthan Royals,Mumbai Indians,bat,Mumbai Indians,,10.0,50,win,League,DR Smith,False,True,Rajasthan Royals,False
548378,2012,6,Pune,2012-05-22,Indian Premier League,0,male,T20,T20,20,2012,club,Subrata Roy Sahara Stadium,Kolkata Knight Riders,Delhi Capitals,Kolkata Knight Riders,bat,Kolkata Knight Riders,18.0,,60,win,League,YK Pathan,True,True,Kolkata Knight Riders,True
548379,2012,6,Bangalore,2012-05-23,Indian Premier League,0,male,T20,T20,20,2012,club,M Chinnaswamy Stadium,Mumbai Indians,Chennai Super Kings,Mumbai Indians,field,Chennai Super Kings,38.0,,38,win,League,MS Dhoni,False,True,Chennai Super Kings,True
548380,2012,6,Chennai,2012-05-25,Indian Premier League,0,male,T20,T20,20,2012,club,"MA Chidambaram Stadium, Chepauk",Delhi Capitals,Delhi Capitals,Chennai Super Kings,field,Chennai Super Kings,86.0,,1630,win,League,M Vijay,False,True,Chennai Super Kings,True
548381,2012,6,Chennai,2012-05-27,Indian Premier League,0,male,T20,T20,20,2012,club,"MA Chidambaram Stadium, Chepauk",Chennai Super Kings,Kolkata Knight Riders,Chennai Super Kings,bat,Kolkata Knight Riders,,5.0,14505,win,League,MS Bisla,False,True,Chennai Super Kings,False
597998,2013,6,Kolkata,2013-04-03,Indian Premier League,1,male,T20,T20,20,2013,club,Eden Gardens,Kolkata Knight Riders,Kolkata Knight Riders,Delhi Capitals,field,Kolkata Knight Riders,,6.0,65,win,League,SP Narine,True,False,Delhi Capitals,False
597999,2013,6,Bangalore,2013-04-04,Indian Premier League,2,male,T20,T20,20,2013,club,M Chinnaswamy Stadium,Mumbai Indians,Royal Challengers Bengaluru,Mumbai Indians,field,Royal Challengers Bengaluru,2.0,,1,win,League,CH Gayle,False,True,Royal Challengers Bengaluru,True
598000,2013,6,Hyderabad,2013-04-05,Indian Premier League,3,male,T20,T20,20,2013,club,"Rajiv Gandhi International Stadium, Uppal",Pune Warriors,Sunrisers Hyderabad,Pune Warriors,field,Sunrisers Hyderabad,22.0,,185,win,League,A Mishra,False,True,Sunrisers Hyderabad,True
598001,2013,6,Delhi,2013-04-06,Indian Premier League,4,male,T20,T20,20,2013,club,Feroz Shah Kotla,Rajasthan Royals,Delhi Capitals,Rajasthan Royals,bat,Rajasthan Royals,5.0,,11930,win,League,R Dravid,True,True,Rajasthan Royals,True
598002,2013,6,Chennai,2013-04-06,Indian Premier League,5,male,T20,T20,20,2013,club,"MA Chidambaram Stadium, Chepauk",Mumbai Indians,Chennai Super Kings,Mumbai Indians,bat,Mumbai Indians,9.0,,29,win,League,KA Pollard,True,True,Mumbai Indians,True
598003,2013,6,Pune,2013-04-07,Indian Premier League,6,male,T20,T20,20,2013,club,Subrata Roy Sahara Stadium,Pune Warriors,Pune Warriors,Punjab Kings,bat,Punjab Kings,,8.0,68,win,League,M Vohra,False,True,Pune Warriors,False
598004,2013,6,Hyderabad,2013-04-07,Indian Premier League,7,male,T20,T20,20,2013,club,"Rajiv Gandhi International Stadium, Uppal",Royal Challengers Bengaluru,Sunrisers Hyderabad,Royal Challengers Bengaluru,bat,Royal Challengers Bengaluru,,,2910,tie,League,GH Vihari,True,True,Royal Challengers Bengaluru,True
598005,2013,6,Jaipur,2013-04-08,Indian Premier League,8,male,T20,T20,20,2013,club,Sawai Mansingh Stadium,Kolkata Knight Riders,Rajasthan Royals,Kolkata Knight Riders,field,Rajasthan Royals,19.0,,11972,win,League,SK Trivedi,False,True,Rajasthan Royals,True
598006,2013,6,Mumbai,2013-04-09,Indian Premier League,10,male,T20,T20,20,2013,club,Wankhede Stadium,Mumbai Indians,Mumbai Indians,Delhi Capitals,bat,Mumbai Indians,44.0,,49,win,League,KD Karthik,True,True,Mumbai Indians,True
598007,2013,6,Chandigarh,2013-04-10,Indian Premier League,11,male,T20,T20,20,2013,club,"Punjab Cricket Association Stadium, Mohali",Chennai Super Kings,Punjab Kings,Chennai Super Kings,field,Chennai Super Kings,,10.0,11943,win,League,MEK Hussey,True,False,Punjab Kings,False
598008,2013,6,Bangalore,2013-04-11,Indian Premier League,12,male,T20,T20,20,2013,club,M Chinnaswamy Stadium,Royal Challengers Bengaluru,Royal Challengers Bengaluru,Kolkata Knight Riders,field,Royal Challengers Bengaluru,,8.0,1,win,League,CH Gayle,True,False,Kolkata Knight Riders,False
598009,2013,6,Pune,2013-04-11,Indian Premier League,13,male,T20,T20,20,2013,club,Subrata Roy Sahara Stadium,Rajasthan Royals,Pune Warriors,Rajasthan Royals,bat,Pune Warriors,,7.0,48,win,League,AJ Finch,False,True,Rajasthan Royals,False
598010,2013,6,Delhi,2013-04-12,Indian Premier League,14,male,T20,T20,20,2013,club,Feroz Shah Kotla,Delhi Capitals,Delhi Capitals,Sunrisers Hyderabad,bat,Sunrisers Hyderabad,,3.0,185,win,League,A Mishra,False,True,Delhi Capitals,False
598011,2013,6,Mumbai,2013-04-13,Indian Premier League,15,male,T20,T20,20,2013,club,Wankhede Stadium,Mumbai Indians,Mumbai Indians,Pune Warriors,bat,Mumbai Indians,41.0,,25,win,League,RG Sharma,True,True,Mumbai Indians,True
598012,2013,6,Chennai,2013-04-13,Indian Premier League,16,male,T20,T20,20,2013,club,"MA Chidambaram Stadium, Chepauk",Chennai Super Kings,Chennai Super Kings,Royal Challengers Bengaluru,field,Chennai Super Kings,,4.0,348,win,League,RA Jadeja,True,False,Royal Challengers Bengaluru,False
598013,2013,6,Kolkata,2013-04-14,Indian Premier League,17,male,T20,T20,20,2013,club,Eden Gardens,Kolkata Knight Riders,Kolkata Knight Riders,Sunrisers Hyderabad,bat,Kolkata Knight Riders,48.0,,56,win,League,G Gambhir,True,True,Kolkata Knight Riders,True
598014,2013,6,Jaipur,2013-04-14,Indian Premier League,18,male,T20,T20,20,2013,club,Sawai Mansingh Stadium,Rajasthan Royals,Rajasthan Royals,Punjab Kings,field,Rajasthan Royals,,6.0,569,win,League,JP Faulkner,True,False,Punjab Kings,False
598015,2013,6,Chennai,2013-04-15,Indian Premier League,19,male,T20,T20,20,2013,club,"MA Chidambaram Stadium, Chepauk",Pune Warriors,Chennai Super Kings,Pune Warriors,bat,Pune Warriors,24.0,,36,win,League,SPD Smith,True,True,Pune Warriors,True
598016,2013,6,Chandigarh,2013-04-16,Indian Premier League,20,male,T20,T20,20,2013,club,"Punjab Cricket Association Stadium, Mohali",Kolkata Knight Riders,Punjab Kings,Kolkata Knight Riders,field,Punjab Kings,4.0,,51,win,League,MS Gony,False,True,Punjab Kings,True
598017,2013,6,Bangalore,2013-04-16,Indian Premier League,21,male,T20,T20,20,2013,club,M Chinnaswamy Stadium,Royal Challengers Bengaluru,Royal Challengers Bengaluru,Delhi Capitals,field,Delhi Capitals,,,332,tie,League,V Kohli,False,True,Delhi Capitals,True
598018,2013,6,Pune,2013-04-17,Indian Premier League,22,male,T20,T20,20,2013,club,Maharashtra Cricket Association Stadium,Pune Warriors,Pune Warriors,Sunrisers Hyderabad,field,Sunrisers Hyderabad,11.0,,185,win,League,A Mishra,False,True,Sunrisers Hyderabad,True
598019,2013,6,Jaipur,2013-04-17,Indian Premier League,23,male,T20,T20,20,2013,club,Sawai Mansingh Stadium,Rajasthan Royals,Rajasthan Royals,Mumbai Indians,bat,Rajasthan Royals,87.0,,34,win,League,AM Rahane,True,True,Rajasthan Royals,True
598020,2013,6,Delhi,2013-04-18,Indian Premier League,24,male,T20,T20,20,2013,club,Feroz Shah Kotla,Chennai Super Kings,Delhi Capitals,Chennai Super Kings,bat,Chennai Super Kings,86.0,,11943,win,League,MEK Hussey,True,True,Chennai Super Kings,True
598021,2013,6,Hyderabad,2013-04-19,Indian Premier League,25,male,T20,T20,20,2013,club,"Rajiv Gandhi International Stadium, Uppal",Punjab Kings,Sunrisers Hyderabad,Punjab Kings,bat,Sunrisers Hyderabad,,5.0,2910,win,League,GH Vihari,False,True,Punjab Kings,False
598022,2013,6,Kolkata,2013-04-20,Indian Premier League,26,male,T20,T20,20,2013,club,Eden Gardens,Kolkata Knight Riders,Kolkata Knight Riders,Chennai Super Kings,bat,Chennai Super Kings,,4.0,348,win,League,RA Jadeja,False,True,Kolkata Knight Riders,False
598023,2013,6,Bangalore,2013-04-20,Indian Premier League,27,male,T20,T20,20,2013,club,M Chinnaswamy Stadium,Royal Challengers Bengaluru,Royal Challengers Bengaluru,Rajasthan Royals,field,Royal Challengers Bengaluru,,7.0,1242,win,League,R Vinay Kumar,True,False,Rajasthan Royals,False
598024,2013,6,Delhi,2013-04-21,Indian Premier League,28,male,T20,T20,20,2013,club,Feroz Shah Kotla,Mumbai Indians,Delhi Capitals,Mumbai Indians,bat,Delhi Capitals,,9.0,11975,win,League,V Sehwag,False,True,Mumbai Indians,False
598025,2013,6,Chandigarh,2013-04-21,Indian Premier League,29,male,T20,T20,20,2013,club,"Punjab Cricket Association Stadium, Mohali",Punjab Kings,Punjab Kings,Pune Warriors,field,Punjab Kings,,7.0,72,win,League,DA Miller,True,False,Pune Warriors,False
598026,2013,6,Chennai,2013-04-22,Indian Premier League,30,male,T20,T20,20,2013,club,"MA Chidambaram Stadium, Chepauk",Rajasthan Royals,Chennai Super Kings,Rajasthan Royals,bat,Chennai Super Kings,,5.0,11943,win,League,MEK Hussey,False,True,Rajasthan Royals,False
598027,2013,6,Bangalore,2013-04-23,Indian Premier League,31,male,T20,T20,20,2013,club,M Chinnaswamy Stadium,Pune Warriors,Royal Challengers Bengaluru,Pune Warriors,field,Royal Challengers Bengaluru,130.0,,1,win,League,CH Gayle,False,True,Royal Challengers Bengaluru,True
598028,2013,6,Dharamsala,2013-05-16,Indian Premier League,67,male,T20,T20,20,2013,club,Himachal Pradesh Cricket Association Stadium,Delhi Capitals,Punjab Kings,Delhi Capitals,field,Punjab Kings,7.0,,72,win,League,DA Miller,False,True,Punjab Kings,True
598029,2013,6,Kolkata,2013-04-24,Indian Premier League,33,male,T20,T20,20,2013,club,Eden Gardens,Kolkata Knight Riders,Kolkata Knight Riders,Mumbai Indians,bat,Mumbai Indians,,5.0,50,win,League,DR Smith,False,True,Kolkata Knight Riders,False
598030,2013,6,Chennai,2013-04-25,Indian Premier League,34,male,T20,T20,20,2013,club,"MA Chidambaram Stadium, Chepauk",Sunrisers Hyderabad,Chennai Super Kings,Sunrisers Hyderabad,bat,Chennai Super Kings,,5.0,38,win,League,MS Dhoni,False,True,Sunrisers Hyderabad,False
598031,2013,6,Kolkata,2013-04-26,Indian Premier League,35,male,T20,T20,20,2013,club,Eden Gardens,Punjab Kings,Kolkata Knight Riders,Punjab Kings,bat,Kolkata Knight Riders,,6.0,11933,win,League,JH Kallis,False,True,Punjab Kings,False
598032,2013,6,Jaipur,2013-04-27,Indian Premier League,36,male,T20,T20,20,2013,club,Sawai Mansingh Stadium,Sunrisers Hyderabad,Rajasthan Royals,Sunrisers Hyderabad,bat,Rajasthan Royals,,8.0,569,win,League,JP Faulkner,False,True,Sunrisers Hyderabad,False
598033,2013,6,Mumbai,2013-04-27,Indian Premier League,37,male,T20,T20,20,2013,club,Wankhede Stadium,Mumbai Indians,Mumbai Indians,Royal Challengers Bengaluru,bat,Mumbai Indians,58.0,,50,win,League,DR Smith,True,True,Mumbai Indians,True
598034,2013,6,Chennai,2013-04-28,Indian Premier League,38,male,T20,T20,20,2013,club,"MA Chidambaram Stadium, Chepauk",Kolkata Knight Riders,Chennai Super Kings,Kolkata Knight Riders,field,Chennai Super Kings,14.0,,11943,win,League,MEK Hussey,False,True,Chennai Super Kings,True
598035,2013,6,Raipur,2013-04-28,Indian Premier League,39,male,T20,T20,20,2013,club,Shaheed Veer Narayan Singh International Stadium,Pune Warriors,Delhi Capitals,Pune Warriors,field,Delhi Capitals,15.0,,12,win,League,DA Warner,False,True,Delhi Capitals,True
598036,2013,6,Jaipur,2013-04-29,Indian Premier League,40,male,T20,T20,20,2013,club,Sawai Mansingh Stadium,Rajasthan Royals,Rajasthan Royals,Royal Challengers Bengaluru,field,Rajasthan Royals,,4.0,180,win,League,SV Samson,True,False,Royal Challengers Bengaluru,False
598037,2013,6,Mumbai,2013-04-29,Indian Premier League,41,male,T20,T20,20,2013,club,Wankhede Stadium,Mumbai Indians,Mumbai Indians,Punjab Kings,bat,Mumbai Indians,4.0,,25,win,League,RG Sharma,True,True,Mumbai Indians,True
598038,2013,6,Pune,2013-04-30,Indian Premier League,42,male,T20,T20,20,2013,club,Subrata Roy Sahara Stadium,Chennai Super Kings,Pune Warriors,Chennai Super Kings,bat,Chennai Super Kings,37.0,,38,win,League,MS Dhoni,True,True,Chennai Super Kings,True
598039,2013,6,Hyderabad,2013-05-01,Indian Premier League,43,male,T20,T20,20,2013,club,"Rajiv Gandhi International Stadium, Uppal",Mumbai Indians,Sunrisers Hyderabad,Mumbai Indians,bat,Sunrisers Hyderabad,,7.0,308,win,League,I Sharma,False,True,Mumbai Indians,False
598040,2013,6,Raipur,2013-05-01,Indian Premier League,44,male,T20,T20,20,2013,club,Shaheed Veer Narayan Singh International Stadium,Kolkata Knight Riders,Delhi Capitals,Kolkata Knight Riders,bat,Delhi Capitals,,7.0,12,win,League,DA Warner,False,True,Kolkata Knight Riders,False
598041,2013,6,Chennai,2013-05-02,Indian Premier League,45,male,T20,T20,20,2013,club,"MA Chidambaram Stadium, Chepauk",Chennai Super Kings,Chennai Super Kings,Punjab Kings,bat,Chennai Super Kings,15.0,,47,win,League,SK Raina,True,True,Chennai Super Kings,True
598042,2013,6,Pune,2013-05-02,Indian Premier League,46,male,T20,T20,20,2013,club,Subrata Roy Sahara Stadium,Royal Challengers Bengaluru,Pune Warriors,Royal Challengers Bengaluru,bat,Royal Challengers Bengaluru,17.0,,245,win,League,AB de Villiers,True,True,Royal Challengers Bengaluru,True
598043,2013,6,Kolkata,2013-05-03,Indian Premier League,47,male,T20,T20,20,2013,club,Eden Gardens,Rajasthan Royals,Kolkata Knight Riders,Rajasthan Royals,bat,Kolkata Knight Riders,,8.0,60,win,League,YK Pathan,False,True,Rajasthan Royals,False
598044,2013,6,Hyderabad,2013-05-04,Indian Premier League,48,male,T20,T20,20,2013,club,"Rajiv Gandhi International Stadium, Uppal",Delhi Capitals,Sunrisers Hyderabad,Delhi Capitals,bat,Sunrisers Hyderabad,,6.0,36610,win,League,DJG Sammy,False,True,Delhi Capitals,False
598045,2013,6,Bangalore,2013-05-14,Indian Premier League,63,male,T20,T20,20,2013,club,M Chinnaswamy Stadium,Punjab Kings,Royal Challengers Bengaluru,Punjab Kings,field,Punjab Kings,,7.0,12007,win,League,AC Gilchrist,True,False,Royal Challengers Bengaluru,False
598046,2013,6,Mumbai,2013-05-05,Indian Premier League,49,male,T20,T20,20,2013,club,Wankhede Stadium,Mumbai Indians,Mumbai Indians,Chennai Super Kings,bat,Mumbai Indians,60.0,,604,win,League,MG Johnson,True,True,Mumbai Indians,True
598047,2013,6,Jaipur,2013-05-05,Indian Premier League,50,male,T20,T20,20,2013,club,Sawai Mansingh Stadium,Pune Warriors,Rajasthan Royals,Pune Warriors,bat,Rajasthan Royals,,5.0,34,win,League,AM Rahane,False,True,Pune Warriors,False
598048,2013,6,Bangalore,2013-04-09,Indian Premier League,9,male,T20,T20,20,2013,club,M Chinnaswamy Stadium,Sunrisers Hyderabad,Royal Challengers Bengaluru,Sunrisers Hyderabad,bat,Royal Challengers Bengaluru,,7.0,332,win,League,V Kohli,False,True,Sunrisers Hyderabad,False
598049,2013,6,Jaipur,2013-05-07,Indian Premier League,52,male,T20,T20,20,2013,club,Sawai Mansingh Stadium,Delhi Capitals,Rajasthan Royals,Delhi Capitals,bat,Rajasthan Royals,,9.0,34,win,League,AM Rahane,False,True,Delhi Capitals,False
598050,2013,6,Mumbai,2013-05-07,Indian Premier League,53,male,T20,T20,20,2013,club,Wankhede Stadium,Mumbai Indians,Mumbai Indians,Kolkata Knight Riders,bat,Mumbai Indians,65.0,,12580,win,League,SR Tendulkar,True,True,Mumbai Indians,True
598051,2013,6,Hyderabad,2013-05-08,Indian Premier League,54,male,T20,T20,20,2013,club,"Rajiv Gandhi International Stadium, Uppal",Sunrisers Hyderabad,Sunrisers Hyderabad,Chennai Super Kings,field,Chennai Super Kings,77.0,,47,win,League,SK Raina,False,True,Chennai Super Kings,True
598052,2013,6,Chandigarh,2013-05-09,Indian Premier League,55,male,T20,T20,20,2013,club,"Punjab Cricket Association Stadium, Mohali",Rajasthan Royals,Punjab Kings,Rajasthan Royals,field,Rajasthan Royals,,8.0,34343,win,League,KK Cooper,True,False,Punjab Kings,False
598053,2013,6,Pune,2013-05-09,Indian Premier League,56,male,T20,T20,20,2013,club,Subrata Roy Sahara Stadium,Kolkata Knight Riders,Pune Warriors,Kolkata Knight Riders,bat,Kolkata Knight Riders,46.0,,56,win,League,G Gambhir,True,True,Kolkata Knight Riders,True
598054,2013,6,Delhi,2013-05-10,Indian Premier League,57,male,T20,T20,20,2013,club,Feroz Shah Kotla,Delhi Capitals,Delhi Capitals,Royal Challengers Bengaluru,field,Royal Challengers Bengaluru,4.0,,438,win,League,JD Unadkat,False,True,Royal Challengers Bengaluru,True
598055,2013,6,Pune,2013-05-11,Indian Premier League,58,male,T20,T20,20,2013,club,Subrata Roy Sahara Stadium,Pune Warriors,Pune Warriors,Mumbai Indians,bat,Mumbai Indians,,5.0,604,win,League,MG Johnson,False,True,Pune Warriors,False
598056,2013,6,Chandigarh,2013-05-11,Indian Premier League,59,male,T20,T20,20,2013,club,"Punjab Cricket Association Stadium, Mohali",Punjab Kings,Punjab Kings,Sunrisers Hyderabad,field,Sunrisers Hyderabad,30.0,,23,win,League,PA Patel,False,True,Sunrisers Hyderabad,True
598057,2013,6,Ranchi,2013-05-12,Indian Premier League,60,male,T20,T20,20,2013,club,JSCA International Stadium Complex,Kolkata Knight Riders,Kolkata Knight Riders,Royal Challengers Bengaluru,field,Kolkata Knight Riders,,5.0,11933,win,League,JH Kallis,True,False,Royal Challengers Bengaluru,False
598058,2013,6,Jaipur,2013-05-12,Indian Premier League,61,male,T20,T20,20,2013,club,Sawai Mansingh Stadium,Rajasthan Royals,Rajasthan Royals,Chennai Super Kings,field,Rajasthan Royals,,5.0,5,win,League,SR Watson,True,False,Chennai Super Kings,False
598059,2013,6,Delhi,2013-04-23,Indian Premier League,32,male,T20,T20,20,2013,club,Feroz Shah Kotla,Punjab Kings,Delhi Capitals,Punjab Kings,field,Punjab Kings,,5.0,13267,win,League,Harmeet Singh,True,False,Delhi Capitals,False
598060,2013,6,Mumbai,2013-05-13,Indian Premier League,62,male,T20,T20,20,2013,club,Wankhede Stadium,Sunrisers Hyderabad,Mumbai Indians,Sunrisers Hyderabad,bat,Mumbai Indians,,7.0,29,win,League,KA Pollard,False,True,Sunrisers Hyderabad,False
598061,2013,6,Ranchi,2013-05-15,Indian Premier League,65,male,T20,T20,20,2013,club,JSCA International Stadium Complex,Kolkata Knight Riders,Kolkata Knight Riders,Pune Warriors,field,Pune Warriors,7.0,,59,win,League,MK Pandey,False,True,Pune Warriors,True
598062,2013,6,Chennai,2013-05-14,Indian Premier League,64,male,T20,T20,20,2013,club,"MA Chidambaram Stadium, Chepauk",Chennai Super Kings,Chennai Super Kings,Delhi Capitals,bat,Chennai Super Kings,33.0,,38,win,League,MS Dhoni,True,True,Chennai Super Kings,True
598063,2013,6,Mumbai,2013-05-15,Indian Premier League,66,male,T20,T20,20,2013,club,Wankhede Stadium,Rajasthan Royals,Mumbai Indians,Rajasthan Royals,field,Mumbai Indians,14.0,,177,win,League,AP Tare,False,True,Mumbai Indians,True
598064,2013,6,Chandigarh,2013-05-06,Indian Premier League,51,male,T20,T20,20,2013,club,"Punjab Cricket Association Stadium, Mohali",Punjab Kings,Punjab Kings,Royal Challengers Bengaluru,field,Punjab Kings,,6.0,72,win,League,DA Miller,True,False,Royal Challengers Bengaluru,False
598065,2013,6,Hyderabad,2013-05-17,Indian Premier League,68,male,T20,T20,20,2013,club,"Rajiv Gandhi International Stadium, Uppal",Sunrisers Hyderabad,Sunrisers Hyderabad,Rajasthan Royals,bat,Sunrisers Hyderabad,23.0,,185,win,League,A Mishra,True,True,Sunrisers Hyderabad,True
598066,2013,6,Dharamsala,2013-05-18,Indian Premier League,69,male,T20,T20,20,2013,club,Himachal Pradesh Cricket Association Stadium,Mumbai Indians,Punjab Kings,Mumbai Indians,field,Punjab Kings,50.0,,34817,win,League,Azhar Mahmood,False,True,Punjab Kings,True
598067,2013,6,Pune,2013-05-19,Indian Premier League,71,male,T20,T20,20,2013,club,Subrata Roy Sahara Stadium,Pune Warriors,Pune Warriors,Delhi Capitals,bat,Pune Warriors,38.0,,34959,win,League,LJ Wright,True,True,Pune Warriors,True
598068,2013,6,Bangalore,2013-05-18,Indian Premier League,70,male,T20,T20,20,2013,club,M Chinnaswamy Stadium,Chennai Super Kings,Royal Challengers Bengaluru,Chennai Super Kings,field,Royal Challengers Bengaluru,24.0,,332,win,League,V Kohli,False,True,Royal Challengers Bengaluru,True
598069,2013,6,Hyderabad,2013-05-19,Indian Premier League,72,male,T20,T20,20,2013,club,"Rajiv Gandhi International Stadium, Uppal",Kolkata Knight Riders,Sunrisers Hyderabad,Kolkata Knight Riders,bat,Sunrisers Hyderabad,,5.0,23,win,League,PA Patel,False,True,Kolkata Knight Riders,False
598070,2013,6,Delhi,2013-05-21,Indian Premier League,0,male,T20,T20,20,2013,club,Feroz Shah Kotla,Chennai Super Kings,Chennai Super Kings,Mumbai Indians,bat,Chennai Super Kings,48.0,,11943,win,League,MEK Hussey,True,True,Chennai Super Kings,True
598071,2013,6,Delhi,2013-05-22,Indian Premier League,0,male,T20,T20,20,2013,club,Feroz Shah Kotla,Sunrisers Hyderabad,Rajasthan Royals,Sunrisers Hyderabad,bat,Rajasthan Royals,,4.0,12318,win,League,BJ Hodge,False,True,Sunrisers Hyderabad,False
598072,2013,6,Kolkata,2013-05-24,Indian Premier League,0,male,T20,T20,20,2013,club,Eden Gardens,Rajasthan Royals,Mumbai Indians,Rajasthan Royals,bat,Mumbai Indians,,4.0,228,win,League,Harbhajan Singh,False,True,Rajasthan Royals,False
598073,2013,6,Kolkata,2013-05-26,Indian Premier League,0,male,T20,T20,20,2013,club,Eden Gardens,Mumbai Indians,Chennai Super Kings,Mumbai Indians,bat,Mumbai Indians,23.0,,29,win,League,KA Pollard,True,True,Mumbai Indians,True
729279,2014,6,Abu Dhabi,2014-04-16,Indian Premier League,1,male,T20,T20,20,2014,club,Sheikh Zayed Stadium,Kolkata Knight Riders,Mumbai Indians,Kolkata Knight Riders,bat,Kolkata Knight Riders,41.0,,11933,win,League,JH Kallis,True,True,Kolkata Knight Riders,True
729281,2014,6,,2014-04-17,Indian Premier League,2,male,T20,T20,20,2014,club,Sharjah Cricket Stadium,Royal Challengers Bengaluru,Delhi Capitals,Royal Challengers Bengaluru,field,Royal Challengers Bengaluru,,8.0,10,win,League,YS Chahal,True,False,Delhi Capitals,False
729283,2014,6,Abu Dhabi,2014-04-18,Indian Premier League,3,male,T20,T20,20,2014,club,Sheikh Zayed Stadium,Chennai Super Kings,Chennai Super Kings,Punjab Kings,bat,Punjab Kings,,6.0,71,win,League,GJ Maxwell,False,True,Chennai Super Kings,False
729285,2014,6,Abu Dhabi,2014-04-18,Indian Premier League,4,male,T20,T20,20,2014,club,Sheikh Zayed Stadium,Rajasthan Royals,Sunrisers Hyderabad,Rajasthan Royals,field,Rajasthan Royals,,4.0,34,win,League,AM Rahane,True,False,Sunrisers Hyderabad,False
729287,2014,6,,2014-04-19,Indian Premier League,5,male,T20,T20,20,2014,club,Dubai International Cricket Stadium,Royal Challengers Bengaluru,Royal Challengers Bengaluru,Mumbai Indians,field,Royal Challengers Bengaluru,,7.0,23,win,League,PA Patel,True,False,Mumbai Indians,False
729289,2014,6,,2014-04-19,Indian Premier League,6,male,T20,T20,20,2014,club,Dubai International Cricket Stadium,Kolkata Knight Riders,Kolkata Knight Riders,Delhi Capitals,bat,Delhi Capitals,,4.0,1964,win,League,JP Duminy,False,True,Kolkata Knight Riders,False
729291,2014,6,,2014-04-20,Indian Premier League,7,male,T20,T20,20,2014,club,Sharjah Cricket Stadium,Punjab Kings,Rajasthan Royals,Punjab Kings,field,Punjab Kings,,7.0,71,win,League,GJ Maxwell,True,False,Rajasthan Royals,False
729293,2014,6,Abu Dhabi,2014-04-21,Indian Premier League,8,male,T20,T20,20,2014,club,Sheikh Zayed Stadium,Chennai Super Kings,Chennai Super Kings,Delhi Capitals,bat,Chennai Super Kings,93.0,,47,win,League,SK Raina,True,True,Chennai Super Kings,True
729295,2014,6,,2014-04-22,Indian Premier League,9,male,T20,T20,20,2014,club,Sharjah Cricket Stadium,Sunrisers Hyderabad,Punjab Kings,Sunrisers Hyderabad,field,Punjab Kings,72.0,,71,win,League,GJ Maxwell,False,True,Punjab Kings,True
729297,2014,6,,2014-04-23,Indian Premier League,10,male,T20,T20,20,2014,club,Dubai International Cricket Stadium,Rajasthan Royals,Rajasthan Royals,Chennai Super Kings,field,Chennai Super Kings,7.0,,348,win,League,RA Jadeja,False,True,Chennai Super Kings,True
729299,2014,6,,2014-04-24,Indian Premier League,11,male,T20,T20,20,2014,club,Sharjah Cricket Stadium,Royal Challengers Bengaluru,Royal Challengers Bengaluru,Kolkata Knight Riders,field,Kolkata Knight Riders,2.0,,57,win,League,CA Lynn,False,True,Kolkata Knight Riders,True
729301,2014,6,,2014-04-25,Indian Premier League,12,male,T20,T20,20,2014,club,Dubai International Cricket Stadium,Sunrisers Hyderabad,Sunrisers Hyderabad,Delhi Capitals,bat,Sunrisers Hyderabad,4.0,,48,win,League,AJ Finch,True,True,Sunrisers Hyderabad,True
729303,2014,6,,2014-04-25,Indian Premier League,13,male,T20,T20,20,2014,club,Dubai International Cricket Stadium,Mumbai Indians,Chennai Super Kings,Mumbai Indians,bat,Chennai Super Kings,,7.0,75,win,League,MM Sharma,False,True,Mumbai Indians,False
729305,2014,6,Abu Dhabi,2014-04-26,Indian Premier League,14,male,T20,T20,20,2014,club,Sheikh Zayed Stadium,Rajasthan Royals,Rajasthan Royals,Royal Challengers Bengaluru,field,Rajasthan Royals,,6.0,37031,win,League,PV Tambe,True,False,Royal Challengers Bengaluru,False
729307,2014,6,Abu Dhabi,2014-04-26,Indian Premier League,15,male,T20,T20,20,2014,club,Sheikh Zayed Stadium,Kolkata Knight Riders,Kolkata Knight Riders,Punjab Kings,field,Punjab Kings,23.0,,76,win,League,Sandeep Sharma,False,True,Punjab Kings,True
729309,2014,6,,2014-04-27,Indian Premier League,16,male,T20,T20,20,2014,club,Sharjah Cricket Stadium,Mumbai Indians,Delhi Capitals,Mumbai Indians,bat,Delhi Capitals,,6.0,1630,win,League,M Vijay,False,True,Mumbai Indians,False
729311,2014,6,,2014-04-27,Indian Premier League,17,male,T20,T20,20,2014,club,Sharjah Cricket Stadium,Sunrisers Hyderabad,Sunrisers Hyderabad,Chennai Super Kings,bat,Chennai Super Kings,,5.0,50,win,League,DR Smith,False,True,Sunrisers Hyderabad,False
729313,2014,6,,2014-04-28,Indian Premier League,18,male,T20,T20,20,2014,club,Dubai International Cricket Stadium,Punjab Kings,Punjab Kings,Royal Challengers Bengaluru,field,Punjab Kings,,5.0,76,win,League,Sandeep Sharma,True,False,Royal Challengers Bengaluru,False
729315,2014,6,Abu Dhabi,2014-04-29,Indian Premier League,19,male,T20,T20,20,2014,club,Sheikh Zayed Stadium,Rajasthan Royals,Kolkata Knight Riders,Rajasthan Royals,bat,Rajasthan Royals,,,569,tie,League,JP Faulkner,True,True,Rajasthan Royals,True
729317,2014,6,,2014-04-30,Indian Premier League,20,male,T20,T20,20,2014,club,Dubai International Cricket Stadium,Mumbai Indians,Mumbai Indians,Sunrisers Hyderabad,field,Sunrisers Hyderabad,15.0,,20,win,League,B Kumar,False,True,Sunrisers Hyderabad,True
733971,2014,6,Ranchi,2014-05-02,Indian Premier League,21,male,T20,T20,20,2014,club,JSCA International Stadium Complex,Chennai Super Kings,Chennai Super Kings,Kolkata Knight Riders,bat,Chennai Super Kings,34.0,,348,win,League,RA Jadeja,True,True,Chennai Super Kings,True
733973,2014,6,Mumbai,2014-05-03,Indian Premier League,22,male,T20,T20,20,2014,club,Wankhede Stadium,Punjab Kings,Mumbai Indians,Punjab Kings,bat,Mumbai Indians,,5.0,258,win,League,CJ Anderson,False,True,Punjab Kings,False
733975,2014,6,Delhi,2014-05-03,Indian Premier League,23,male,T20,T20,20,2014,club,Feroz Shah Kotla,Rajasthan Royals,Delhi Capitals,Rajasthan Royals,field,Rajasthan Royals,,7.0,179,win,League,KK Nair,True,False,Delhi Capitals,False
733977,2014,6,Bangalore,2014-05-04,Indian Premier League,24,male,T20,T20,20,2014,club,M Chinnaswamy Stadium,Royal Challengers Bengaluru,Royal Challengers Bengaluru,Sunrisers Hyderabad,field,Royal Challengers Bengaluru,,4.0,245,win,League,AB de Villiers,True,False,Sunrisers Hyderabad,False
733979,2014,6,Ahmedabad,2014-05-05,Indian Premier League,25,male,T20,T20,20,2014,club,"Sardar Patel Stadium, Motera",Kolkata Knight Riders,Rajasthan Royals,Kolkata Knight Riders,field,Rajasthan Royals,10.0,,37031,win,League,PV Tambe,False,True,Rajasthan Royals,True
733981,2014,6,Delhi,2014-05-05,Indian Premier League,26,male,T20,T20,20,2014,club,Feroz Shah Kotla,Chennai Super Kings,Delhi Capitals,Chennai Super Kings,field,Chennai Super Kings,,8.0,50,win,League,DR Smith,True,False,Delhi Capitals,False
733983,2014,6,Mumbai,2014-05-06,Indian Premier League,27,male,T20,T20,20,2014,club,Wankhede Stadium,Royal Challengers Bengaluru,Mumbai Indians,Royal Challengers Bengaluru,field,Mumbai Indians,19.0,,25,win,League,RG Sharma,False,True,Mumbai Indians,True
733985,2014,6,Delhi,2014-05-07,Indian Premier League,28,male,T20,T20,20,2014,club,Feroz Shah Kotla,Delhi Capitals,Delhi Capitals,Kolkata Knight Riders,bat,Kolkata Knight Riders,,8.0,56,win,League,G Gambhir,False,True,Delhi Capitals,False
733987,2014,6,Cuttack,2014-05-07,Indian Premier League,29,male,T20,T20,20,2014,club,Barabati Stadium,Chennai Super Kings,Punjab Kings,Chennai Super Kings,field,Punjab Kings,44.0,,71,win,League,GJ Maxwell,False,True,Punjab Kings,True
733989,2014,6,Ahmedabad,2014-05-08,Indian Premier League,30,male,T20,T20,20,2014,club,"Sardar Patel Stadium, Motera",Rajasthan Royals,Rajasthan Royals,Sunrisers Hyderabad,field,Sunrisers Hyderabad,32.0,,20,win,League,B Kumar,False,True,Sunrisers Hyderabad,True
733991,2014,6,Bangalore,2014-05-09,Indian Premier League,31,male,T20,T20,20,2014,club,M Chinnaswamy Stadium,Royal Challengers Bengaluru,Royal Challengers Bengaluru,Punjab Kings,field,Punjab Kings,32.0,,76,win,League,Sandeep Sharma,False,True,Punjab Kings,True
733993,2014,6,Delhi,2014-05-10,Indian Premier League,32,male,T20,T20,20,2014,club,Feroz Shah Kotla,Sunrisers Hyderabad,Delhi Capitals,Sunrisers Hyderabad,field,Sunrisers Hyderabad,,8.0,3451,win,League,DW Steyn,True,False,Delhi Capitals,False
733995,2014,6,Mumbai,2014-05-10,Indian Premier League,33,male,T20,T20,20,2014,club,Wankhede Stadium,Chennai Super Kings,Mumbai Indians,Chennai Super Kings,field,Chennai Super Kings,,4.0,50,win,League,DR Smith,True,False,Mumbai Indians,False
733997,2014,6,Cuttack,2014-05-11,Indian Premier League,34,male,T20,T20,20,2014,club,Barabati Stadium,Kolkata Knight Riders,Punjab Kings,Kolkata Knight Riders,field,Kolkata Knight Riders,,9.0,56,win,League,G Gambhir,True,False,Punjab Kings,False
733999,2014,6,Bangalore,2014-05-11,Indian Premier League,35,male,T20,T20,20,2014,club,M Chinnaswamy Stadium,Royal Challengers Bengaluru,Royal Challengers Bengaluru,Rajasthan Royals,bat,Rajasthan Royals,,5.0,569,win,League,JP Faulkner,False,True,Royal Challengers Bengaluru,False
734001,2014,6,Hyderabad,2014-05-12,Indian Premier League,36,male,T20,T20,20,2014,club,"Rajiv Gandhi International Stadium, Uppal",Sunrisers Hyderabad,Sunrisers Hyderabad,Mumbai Indians,bat,Mumbai Indians,,7.0,27,win,League,AT Rayudu,False,True,Sunrisers Hyderabad,False
734003,2014,6,Ranchi,2014-05-13,Indian Premier League,37,male,T20,T20,20,2014,club,JSCA International Stadium Complex,Rajasthan Royals,Chennai Super Kings,Rajasthan Royals,bat,Chennai Super Kings,,5.0,348,win,League,RA Jadeja,False,True,Rajasthan Royals,False
734005,2014,6,Bangalore,2014-05-13,Indian Premier League,38,male,T20,T20,20,2014,club,M Chinnaswamy Stadium,Delhi Capitals,Royal Challengers Bengaluru,Delhi Capitals,field,Royal Challengers Bengaluru,16.0,,15,win,League,Yuvraj Singh,False,True,Royal Challengers Bengaluru,True
734007,2014,6,Hyderabad,2014-05-14,Indian Premier League,39,male,T20,T20,20,2014,club,"Rajiv Gandhi International Stadium, Uppal",Punjab Kings,Sunrisers Hyderabad,Punjab Kings,field,Punjab Kings,,6.0,69,win,League,WP Saha,True,False,Sunrisers Hyderabad,False
734009,2014,6,Cuttack,2014-05-14,Indian Premier League,40,male,T20,T20,20,2014,club,Barabati Stadium,Kolkata Knight Riders,Kolkata Knight Riders,Mumbai Indians,field,Kolkata Knight Riders,,6.0,58,win,League,RV Uthappa,True,False,Mumbai Indians,False
734011,2014,6,Ahmedabad,2014-05-15,Indian Premier League,41,male,T20,T20,20,2014,club,"Sardar Patel Stadium, Motera",Delhi Capitals,Rajasthan Royals,Delhi Capitals,field,Rajasthan Royals,62.0,,34,win,League,AM Rahane,False,True,Rajasthan Royals,True
734013,2014,6,Ranchi,2014-05-18,Indian Premier League,42,male,T20,T20,20,2014,club,JSCA International Stadium Complex,Chennai Super Kings,Chennai Super Kings,Royal Challengers Bengaluru,bat,Royal Challengers Bengaluru,,5.0,245,win,League,AB de Villiers,False,True,Chennai Super Kings,False
734015,2014,6,Hyderabad,2014-05-18,Indian Premier League,43,male,T20,T20,20,2014,club,"Rajiv Gandhi International Stadium, Uppal",Sunrisers Hyderabad,Sunrisers Hyderabad,Kolkata Knight Riders,bat,Kolkata Knight Riders,,7.0,318,win,League,UT Yadav,False,True,Sunrisers Hyderabad,False
734017,2014,6,Ahmedabad,2014-05-19,Indian Premier League,44,male,T20,T20,20,2014,club,"Sardar Patel Stadium, Motera",Mumbai Indians,Rajasthan Royals,Mumbai Indians,bat,Mumbai Indians,25.0,,11943,win,League,MEK Hussey,True,True,Mumbai Indians,True
734019,2014,6,Delhi,2014-05-19,Indian Premier League,45,male,T20,T20,20,2014,club,Feroz Shah Kotla,Punjab Kings,Delhi Capitals,Punjab Kings,field,Punjab Kings,,4.0,70,win,League,AR Patel,True,False,Delhi Capitals,False
734021,2014,6,Hyderabad,2014-05-20,Indian Premier League,46,male,T20,T20,20,2014,club,"Rajiv Gandhi International Stadium, Uppal",Royal Challengers Bengaluru,Sunrisers Hyderabad,Royal Challengers Bengaluru,bat,Sunrisers Hyderabad,,7.0,12,win,League,DA Warner,False,True,Royal Challengers Bengaluru,False
734023,2014,6,Kolkata,2014-05-20,Indian Premier League,47,male,T20,T20,20,2014,club,Eden Gardens,Kolkata Knight Riders,Kolkata Knight Riders,Chennai Super Kings,field,Kolkata Knight Riders,,8.0,58,win,League,RV Uthappa,True,False,Chennai Super Kings,False
734025,2014,6,Chandigarh,2014-05-21,Indian Premier League,48,male,T20,T20,20,2014,club,"Punjab Cricket Association Stadium, Mohali",Mumbai Indians,Punjab Kings,Mumbai Indians,field,Mumbai Indians,,7.0,1035,win,League,LMP Simmons,True,False,Punjab Kings,False
734027,2014,6,Kolkata,2014-05-22,Indian Premier League,49,male,T20,T20,20,2014,club,Eden Gardens,Royal Challengers Bengaluru,Kolkata Knight Riders,Royal Challengers Bengaluru,field,Kolkata Knight Riders,30.0,,58,win,League,RV Uthappa,False,True,Kolkata Knight Riders,True
734029,2014,6,Ranchi,2014-05-22,Indian Premier League,50,male,T20,T20,20,2014,club,JSCA International Stadium Complex,Sunrisers Hyderabad,Chennai Super Kings,Sunrisers Hyderabad,field,Sunrisers Hyderabad,,6.0,12,win,League,DA Warner,True,False,Chennai Super Kings,False
734031,2014,6,Mumbai,2014-05-23,Indian Premier League,51,male,T20,T20,20,2014,club,Wankhede Stadium,Delhi Capitals,Mumbai Indians,Delhi Capitals,field,Mumbai Indians,15.0,,11943,win,League,MEK Hussey,False,True,Mumbai Indians,True
734033,2014,6,Chandigarh,2014-05-23,Indian Premier League,52,male,T20,T20,20,2014,club,"Punjab Cricket Association Stadium, Mohali",Rajasthan Royals,Punjab Kings,Rajasthan Royals,field,Punjab Kings,16.0,,541,win,League,SE Marsh,False,True,Punjab Kings,True
734035,2014,6,Bangalore,2014-05-24,Indian Premier League,53,male,T20,T20,20,2014,club,M Chinnaswamy Stadium,Chennai Super Kings,Royal Challengers Bengaluru,Chennai Super Kings,field,Chennai Super Kings,,8.0,38,win,League,MS Dhoni,True,False,Royal Challengers Bengaluru,False
734037,2014,6,Kolkata,2014-05-24,Indian Premier League,54,male,T20,T20,20,2014,club,Eden Gardens,Kolkata Knight Riders,Kolkata Knight Riders,Sunrisers Hyderabad,field,Kolkata Knight Riders,,4.0,60,win,League,YK Pathan,True,False,Sunrisers Hyderabad,False
734039,2014,6,Chandigarh,2014-05-25,Indian Premier League,55,male,T20,T20,20,2014,club,"Punjab Cricket Association Stadium, Mohali",Punjab Kings,Punjab Kings,Delhi Capitals,field,Punjab Kings,,7.0,68,win,League,M Vohra,True,False,Delhi Capitals,False
734041,2014,6,Mumbai,2014-05-25,Indian Premier League,56,male,T20,T20,20,2014,club,Wankhede Stadium,Mumbai Indians,Mumbai Indians,Rajasthan Royals,field,Mumbai Indians,,5.0,258,win,League,CJ Anderson,True,False,Rajasthan Royals,False
734043,2014,6,Kolkata,2014-05-27,Indian Premier League,0,male,T20,T20,20,2014,club,Eden Gardens,Punjab Kings,Punjab Kings,Kolkata Knight Riders,field,Kolkata Knight Riders,28.0,,318,win,League,UT Yadav,False,True,Kolkata Knight Riders,True
734045,2014,6,Mumbai,2014-05-28,Indian Premier League,0,male,T20,T20,20,2014,club,Brabourne Stadium,Chennai Super Kings,Chennai Super Kings,Mumbai Indians,field,Chennai Super Kings,,7.0,47,win,League,SK Raina,True,False,Mumbai Indians,False
734047,2014,6,Mumbai,2014-05-30,Indian Premier League,0,male,T20,T20,20,2014,club,Wankhede Stadium,Chennai Super Kings,Chennai Super Kings,Punjab Kings,field,Punjab Kings,24.0,,11975,win,League,V Sehwag,False,True,Punjab Kings,True
734049,2014,6,Bangalore,2014-06-01,Indian Premier League,0,male,T20,T20,20,2014,club,M Chinnaswamy Stadium,Kolkata Knight Riders,Kolkata Knight Riders,Punjab Kings,field,Kolkata Knight Riders,,3.0,59,win,League,MK Pandey,True,False,Punjab Kings,False
829705,2015,6,Kolkata,2015-04-08,Indian Premier League,1,male,T20,T20,20,2015,club,Eden Gardens,Kolkata Knight Riders,Kolkata Knight Riders,Mumbai Indians,field,Kolkata Knight Riders,,7.0,13863,win,League,M Morkel,True,False,Mumbai Indians,False
829707,2015,6,Chennai,2015-04-09,Indian Premier League,2,male,T20,T20,20,2015,club,"MA Chidambaram Stadium, Chepauk",Delhi Capitals,Chennai Super Kings,Delhi Capitals,field,Chennai Super Kings,1.0,,21,win,League,A Nehra,False,True,Chennai Super Kings,True
829709,2015,6,Pune,2015-04-10,Indian Premier League,3,male,T20,T20,20,2015,club,Maharashtra Cricket Association Stadium,Punjab Kings,Punjab Kings,Rajasthan Royals,field,Rajasthan Royals,26.0,,569,win,League,JP Faulkner,False,True,Rajasthan Royals,True
829711,2015,6,Chennai,2015-04-11,Indian Premier League,4,male,T20,T20,20,2015,club,"MA Chidambaram Stadium, Chepauk",Chennai Super Kings,Chennai Super Kings,Sunrisers Hyderabad,bat,Chennai Super Kings,45.0,,46,win,League,BB McCullum,True,True,Chennai Super Kings,True
829713,2015,6,Kolkata,2015-04-11,Indian Premier League,5,male,T20,T20,20,2015,club,Eden Gardens,Royal Challengers Bengaluru,Kolkata Knight Riders,Royal Challengers Bengaluru,field,Royal Challengers Bengaluru,,3.0,1,win,League,CH Gayle,True,False,Kolkata Knight Riders,False
829715,2015,6,Delhi,2015-04-12,Indian Premier League,6,male,T20,T20,20,2015,club,Feroz Shah Kotla,Rajasthan Royals,Delhi Capitals,Rajasthan Royals,field,Rajasthan Royals,,3.0,16,win,League,DJ Hooda,True,False,Delhi Capitals,False
829717,2015,6,Mumbai,2015-04-12,Indian Premier League,7,male,T20,T20,20,2015,club,Wankhede Stadium,Mumbai Indians,Mumbai Indians,Punjab Kings,field,Punjab Kings,18.0,,13882,win,League,GJ Bailey,False,True,Punjab Kings,True
829719,2015,6,Bangalore,2015-04-13,Indian Premier League,8,male,T20,T20,20,2015,club,M Chinnaswamy Stadium,Sunrisers Hyderabad,Royal Challengers Bengaluru,Sunrisers Hyderabad,field,Sunrisers Hyderabad,,8.0,12,win,League,DA Warner,True,False,Royal Challengers Bengaluru,False
829721,2015,6,Ahmedabad,2015-04-14,Indian Premier League,9,male,T20,T20,20,2015,club,"Sardar Patel Stadium, Motera",Mumbai Indians,Rajasthan Royals,Mumbai Indians,bat,Rajasthan Royals,,7.0,36,win,League,SPD Smith,False,True,Mumbai Indians,False
829723,2015,6,Kolkata,2015-04-30,Indian Premier League,30,male,T20,T20,20,2015,club,Eden Gardens,Kolkata Knight Riders,Kolkata Knight Riders,Chennai Super Kings,field,Kolkata Knight Riders,,7.0,1437,win,League,AD Russell,True,False,Chennai Super Kings,False
829725,2015,6,Pune,2015-04-15,Indian Premier League,10,male,T20,T20,20,2015,club,Maharashtra Cricket Association Stadium,Punjab Kings,Punjab Kings,Delhi Capitals,bat,Delhi Capitals,,5.0,35,win,League,MA Agarwal,False,True,Punjab Kings,False
829727,2015,6,Visakhapatnam,2015-04-16,Indian Premier League,11,male,T20,T20,20,2015,club,Dr. Y.S. Rajasekhara Reddy ACA-VDCA Cricket Stadium,Rajasthan Royals,Sunrisers Hyderabad,Rajasthan Royals,field,Rajasthan Royals,,6.0,34,win,League,AM Rahane,True,False,Sunrisers Hyderabad,False
829729,2015,6,Mumbai,2015-04-17,Indian Premier League,12,male,T20,T20,20,2015,club,Wankhede Stadium,Mumbai Indians,Mumbai Indians,Chennai Super Kings,bat,Chennai Super Kings,,6.0,21,win,League,A Nehra,False,True,Mumbai Indians,False
829731,2015,6,Visakhapatnam,2015-04-18,Indian Premier League,13,male,T20,T20,20,2015,club,Dr. Y.S. Rajasekhara Reddy ACA-VDCA Cricket Stadium,Delhi Capitals,Sunrisers Hyderabad,Delhi Capitals,bat,Delhi Capitals,4.0,,1964,win,League,JP Duminy,True,True,Delhi Capitals,True
829733,2015,6,Pune,2015-04-18,Indian Premier League,14,male,T20,T20,20,2015,club,Maharashtra Cricket Association Stadium,Kolkata Knight Riders,Punjab Kings,Kolkata Knight Riders,field,Kolkata Knight Riders,,4.0,1437,win,League,AD Russell,True,False,Punjab Kings,False
829735,2015,6,Ahmedabad,2015-04-19,Indian Premier League,15,male,T20,T20,20,2015,club,"Sardar Patel Stadium, Motera",Chennai Super Kings,Rajasthan Royals,Chennai Super Kings,bat,Rajasthan Royals,,8.0,34,win,League,AM Rahane,False,True,Chennai Super Kings,False
829737,2015,6,Bangalore,2015-04-19,Indian Premier League,16,male,T20,T20,20,2015,club,M Chinnaswamy Stadium,Royal Challengers Bengaluru,Royal Challengers Bengaluru,Mumbai Indians,field,Mumbai Indians,18.0,,228,win,League,Harbhajan Singh,False,True,Mumbai Indians,True
829739,2015,6,Delhi,2015-04-20,Indian Premier League,17,male,T20,T20,20,2015,club,Feroz Shah Kotla,Kolkata Knight Riders,Delhi Capitals,Kolkata Knight Riders,field,Kolkata Knight Riders,,6.0,318,win,League,UT Yadav,True,False,Delhi Capitals,False
829741,2015,6,Ahmedabad,2015-04-21,Indian Premier League,18,male,T20,T20,20,2015,club,"Sardar Patel Stadium, Motera",Punjab Kings,Rajasthan Royals,Punjab Kings,field,Punjab Kings,,,541,tie,League,SE Marsh,True,False,Rajasthan Royals,False
829743,2015,6,Visakhapatnam,2015-04-22,Indian Premier League,19,male,T20,T20,20,2015,club,Dr. Y.S. Rajasekhara Reddy ACA-VDCA Cricket Stadium,Kolkata Knight Riders,Sunrisers Hyderabad,Kolkata Knight Riders,field,Sunrisers Hyderabad,16.0,,12,win,League,DA Warner,False,True,Sunrisers Hyderabad,True
829745,2015,6,Bangalore,2015-04-22,Indian Premier League,20,male,T20,T20,20,2015,club,M Chinnaswamy Stadium,Royal Challengers Bengaluru,Royal Challengers Bengaluru,Chennai Super Kings,field,Chennai Super Kings,27.0,,47,win,League,SK Raina,False,True,Chennai Super Kings,True
829747,2015,6,Delhi,2015-04-23,Indian Premier League,21,male,T20,T20,20,2015,club,Feroz Shah Kotla,Mumbai Indians,Delhi Capitals,Mumbai Indians,field,Delhi Capitals,37.0,,389,win,League,SS Iyer,False,True,Delhi Capitals,True
829749,2015,6,Ahmedabad,2015-04-24,Indian Premier League,22,male,T20,T20,20,2015,club,"Sardar Patel Stadium, Motera",Royal Challengers Bengaluru,Rajasthan Royals,Royal Challengers Bengaluru,field,Royal Challengers Bengaluru,,9.0,10109,win,League,MA Starc,True,False,Rajasthan Royals,False
829751,2015,6,Mumbai,2015-04-25,Indian Premier League,23,male,T20,T20,20,2015,club,Wankhede Stadium,Mumbai Indians,Mumbai Indians,Sunrisers Hyderabad,bat,Mumbai Indians,20.0,,230,win,League,SL Malinga,True,True,Mumbai Indians,True
829753,2015,6,Chennai,2015-04-25,Indian Premier League,24,male,T20,T20,20,2015,club,"MA Chidambaram Stadium, Chepauk",Chennai Super Kings,Chennai Super Kings,Punjab Kings,bat,Chennai Super Kings,97.0,,46,win,League,BB McCullum,True,True,Chennai Super Kings,True
829757,2015,6,Delhi,2015-04-26,Indian Premier League,26,male,T20,T20,20,2015,club,Feroz Shah Kotla,Royal Challengers Bengaluru,Delhi Capitals,Royal Challengers Bengaluru,field,Royal Challengers Bengaluru,,10.0,241,win,League,VR Aaron,True,False,Delhi Capitals,False
829759,2015,6,Chandigarh,2015-04-27,Indian Premier League,27,male,T20,T20,20,2015,club,"Punjab Cricket Association Stadium, Mohali",Punjab Kings,Punjab Kings,Sunrisers Hyderabad,field,Sunrisers Hyderabad,20.0,,66,win,League,TA Boult,False,True,Sunrisers Hyderabad,True
829761,2015,6,Kolkata,2015-05-07,Indian Premier League,42,male,T20,T20,20,2015,club,Eden Gardens,Kolkata Knight Riders,Kolkata Knight Riders,Delhi Capitals,bat,Kolkata Knight Riders,13.0,,63,win,League,PP Chawla,True,True,Kolkata Knight Riders,True
829763,2015,6,Bangalore,2015-04-29,Indian Premier League,29,male,T20,T20,20,2015,club,M Chinnaswamy Stadium,Rajasthan Royals,Royal Challengers Bengaluru,Rajasthan Royals,field,,,,nan,no result,League,,False,True,Royal Challengers Bengaluru,False
829765,2015,6,Chennai,2015-04-28,Indian Premier League,28,male,T20,T20,20,2015,club,"MA Chidambaram Stadium, Chepauk",Kolkata Knight Riders,Chennai Super Kings,Kolkata Knight Riders,field,Chennai Super Kings,2.0,,1393,win,League,DJ Bravo,False,True,Chennai Super Kings,True
829767,2015,6,Delhi,2015-05-01,Indian Premier League,31,male,T20,T20,20,2015,club,Feroz Shah Kotla,Delhi Capitals,Delhi Capitals,Punjab Kings,field,Delhi Capitals,,9.0,471,win,League,NM Coulter-Nile,True,False,Punjab Kings,False
829769,2015,6,Mumbai,2015-05-01,Indian Premier League,32,male,T20,T20,20,2015,club,Wankhede Stadium,Rajasthan Royals,Mumbai Indians,Rajasthan Royals,field,Mumbai Indians,8.0,,27,win,League,AT Rayudu,False,True,Mumbai Indians,True
829771,2015,6,Bangalore,2015-05-02,Indian Premier League,33,male,T20,T20,20,2015,club,M Chinnaswamy Stadium,Royal Challengers Bengaluru,Royal Challengers Bengaluru,Kolkata Knight Riders,field,Royal Challengers Bengaluru,,7.0,2,win,League,Mandeep Singh,True,False,Kolkata Knight Riders,False
829773,2015,6,Hyderabad,2015-05-02,Indian Premier League,34,male,T20,T20,20,2015,club,"Rajiv Gandhi International Stadium, Uppal",Chennai Super Kings,Sunrisers Hyderabad,Chennai Super Kings,field,Sunrisers Hyderabad,22.0,,12,win,League,DA Warner,False,True,Sunrisers Hyderabad,True
829775,2015,6,Chandigarh,2015-05-03,Indian Premier League,35,male,T20,T20,20,2015,club,"Punjab Cricket Association Stadium, Mohali",Mumbai Indians,Punjab Kings,Mumbai Indians,bat,Mumbai Indians,23.0,,1035,win,League,LMP Simmons,True,True,Mumbai Indians,True
829777,2015,6,Mumbai,2015-05-03,Indian Premier League,36,male,T20,T20,20,2015,club,Brabourne Stadium,Delhi Capitals,Rajasthan Royals,Delhi Capitals,field,Rajasthan Royals,14.0,,34,win,League,AM Rahane,False,True,Rajasthan Royals,True
829779,2015,6,Chennai,2015-05-04,Indian Premier League,37,male,T20,T20,20,2015,club,"MA Chidambaram Stadium, Chepauk",Chennai Super Kings,Chennai Super Kings,Royal Challengers Bengaluru,bat,Chennai Super Kings,24.0,,47,win,League,SK Raina,True,True,Chennai Super Kings,True
829781,2015,6,Kolkata,2015-05-04,Indian Premier League,38,male,T20,T20,20,2015,club,Eden Gardens,Sunrisers Hyderabad,Kolkata Knight Riders,Sunrisers Hyderabad,field,Kolkata Knight Riders,35.0,,318,win,League,UT Yadav,False,True,Kolkata Knight Riders,True
829783,2015,6,Mumbai,2015-05-05,Indian Premier League,39,male,T20,T20,20,2015,club,Wankhede Stadium,Delhi Capitals,Mumbai Indians,Delhi Capitals,bat,Mumbai Indians,,5.0,228,win,League,Harbhajan Singh,False,True,Delhi Capitals,False
829785,2015,6,Bangalore,2015-05-06,Indian Premier League,40,male,T20,T20,20,2015,club,M Chinnaswamy Stadium,Punjab Kings,Royal Challengers Bengaluru,Punjab Kings,field,Royal Challengers Bengaluru,138.0,,1,win,League,CH Gayle,False,True,Royal Challengers Bengaluru,True
829787,2015,6,Mumbai,2015-05-07,Indian Premier League,41,male,T20,T20,20,2015,club,Brabourne Stadium,Rajasthan Royals,Rajasthan Royals,Sunrisers Hyderabad,field,Sunrisers Hyderabad,7.0,,400,win,League,EJG Morgan,False,True,Sunrisers Hyderabad,True
829789,2015,6,Chennai,2015-05-08,Indian Premier League,43,male,T20,T20,20,2015,club,"MA Chidambaram Stadium, Chepauk",Chennai Super Kings,Chennai Super Kings,Mumbai Indians,bat,Mumbai Indians,,6.0,30,win,League,HH Pandya,False,True,Chennai Super Kings,False
829791,2015,6,Kolkata,2015-05-09,Indian Premier League,44,male,T20,T20,20,2015,club,Eden Gardens,Punjab Kings,Kolkata Knight Riders,Punjab Kings,bat,Kolkata Knight Riders,,1.0,1437,win,League,AD Russell,False,True,Punjab Kings,False
829793,2015,6,Raipur,2015-05-09,Indian Premier League,45,male,T20,T20,20,2015,club,Shaheed Veer Narayan Singh International Stadium,Sunrisers Hyderabad,Delhi Capitals,Sunrisers Hyderabad,bat,Sunrisers Hyderabad,6.0,,14,win,League,MC Henriques,True,True,Sunrisers Hyderabad,True
829795,2015,6,Mumbai,2015-05-10,Indian Premier League,46,male,T20,T20,20,2015,club,Wankhede Stadium,Royal Challengers Bengaluru,Mumbai Indians,Royal Challengers Bengaluru,bat,Royal Challengers Bengaluru,39.0,,245,win,League,AB de Villiers,True,True,Royal Challengers Bengaluru,True
829797,2015,6,Chennai,2015-05-10,Indian Premier League,47,male,T20,T20,20,2015,club,"MA Chidambaram Stadium, Chepauk",Chennai Super Kings,Chennai Super Kings,Rajasthan Royals,bat,Chennai Super Kings,12.0,,348,win,League,RA Jadeja,True,True,Chennai Super Kings,True
829799,2015,6,Hyderabad,2015-05-11,Indian Premier League,48,male,T20,T20,20,2015,club,"Rajiv Gandhi International Stadium, Uppal",Sunrisers Hyderabad,Sunrisers Hyderabad,Punjab Kings,bat,Sunrisers Hyderabad,5.0,,12,win,League,DA Warner,True,True,Sunrisers Hyderabad,True
829801,2015,6,Raipur,2015-05-12,Indian Premier League,49,male,T20,T20,20,2015,club,Shaheed Veer Narayan Singh International Stadium,Chennai Super Kings,Delhi Capitals,Chennai Super Kings,bat,Delhi Capitals,,6.0,187,win,League,Z Khan,False,True,Chennai Super Kings,False
829803,2015,6,Chandigarh,2015-05-13,Indian Premier League,50,male,T20,T20,20,2015,club,"Punjab Cricket Association Stadium, Mohali",Royal Challengers Bengaluru,Punjab Kings,Royal Challengers Bengaluru,field,Punjab Kings,22.0,,70,win,League,AR Patel,False,True,Punjab Kings,True
829805,2015,6,Mumbai,2015-05-14,Indian Premier League,51,male,T20,T20,20,2015,club,Wankhede Stadium,Kolkata Knight Riders,Mumbai Indians,Kolkata Knight Riders,field,Mumbai Indians,5.0,,30,win,League,HH Pandya,False,True,Mumbai Indians,True
829807,2015,6,Hyderabad,2015-05-15,Indian Premier League,52,male,T20,T20,20,2015,club,"Rajiv Gandhi International Stadium, Uppal",Sunrisers Hyderabad,Sunrisers Hyderabad,Royal Challengers Bengaluru,bat,Royal Challengers Bengaluru,,6.0,332,win,League,V Kohli,False,True,Sunrisers Hyderabad,False
829809,2015,6,Chandigarh,2015-05-16,Indian Premier League,53,male,T20,T20,20,2015,club,"Punjab Cricket Association Stadium, Mohali",Punjab Kings,Punjab Kings,Chennai Super Kings,bat,Chennai Super Kings,,7.0,172,win,League,P Negi,False,True,Punjab Kings,False
829811,2015,6,Mumbai,2015-05-16,Indian Premier League,54,male,T20,T20,20,2015,club,Brabourne Stadium,Rajasthan Royals,Rajasthan Royals,Kolkata Knight Riders,bat,Rajasthan Royals,9.0,,5,win,League,SR Watson,True,True,Rajasthan Royals,True
829813,2015,6,Bangalore,2015-05-17,Indian Premier League,55,male,T20,T20,20,2015,club,M Chinnaswamy Stadium,Royal Challengers Bengaluru,Royal Challengers Bengaluru,Delhi Capitals,field,,,,nan,no result,League,,False,True,Delhi Capitals,False
829815,2015,6,Hyderabad,2015-05-17,Indian Premier League,56,male,T20,T20,20,2015,club,"Rajiv Gandhi International Stadium, Uppal",Sunrisers Hyderabad,Sunrisers Hyderabad,Mumbai Indians,bat,Mumbai Indians,,9.0,32,win,League,MJ McClenaghan,False,True,Sunrisers Hyderabad,False
829817,2015,6,Mumbai,2015-05-19,Indian Premier League,0,male,T20,T20,20,2015,club,Wankhede Stadium,Mumbai Indians,Chennai Super Kings,Mumbai Indians,bat,Mumbai Indians,25.0,,29,win,League,KA Pollard,True,True,Mumbai Indians,True
829819,2015,6,Pune,2015-05-20,Indian Premier League,0,male,T20,T20,20,2015,club,Maharashtra Cricket Association Stadium,Royal Challengers Bengaluru,Royal Challengers Bengaluru,Rajasthan Royals,bat,Royal Challengers Bengaluru,71.0,,245,win,League,AB de Villiers,True,True,Royal Challengers Bengaluru,True
829821,2015,6,Ranchi,2015-05-22,Indian Premier League,0,male,T20,T20,20,2015,club,JSCA International Stadium Complex,Chennai Super Kings,Chennai Super Kings,Royal Challengers Bengaluru,field,Chennai Super Kings,,3.0,21,win,League,A Nehra,True,False,Royal Challengers Bengaluru,False
829823,2015,6,Kolkata,2015-05-24,Indian Premier League,0,male,T20,T20,20,2015,club,Eden Gardens,Chennai Super Kings,Mumbai Indians,Chennai Super Kings,field,Mumbai Indians,41.0,,25,win,League,RG Sharma,False,True,Mumbai Indians,True
980901,2016,6,Mumbai,2016-04-09,Indian Premier League,1,male,T20,T20,20,2016,club,Wankhede Stadium,Mumbai Indians,Mumbai Indians,Rising Pune Supergiants,bat,Rising Pune Supergiants,,9.0,34,win,League,AM Rahane,False,True,Mumbai Indians,False
980903,2016,6,Kolkata,2016-04-10,Indian Premier League,2,male,T20,T20,20,2016,club,Eden Gardens,Kolkata Knight Riders,Kolkata Knight Riders,Delhi Capitals,field,Kolkata Knight Riders,,9.0,1437,win,League,AD Russell,True,False,Delhi Capitals,False
980905,2016,6,Chandigarh,2016-04-11,Indian Premier League,3,male,T20,T20,20,2016,club,"Punjab Cricket Association IS Bindra Stadium, Mohali",Gujarat Lions,Punjab Kings,Gujarat Lions,field,Gujarat Lions,,5.0,48,win,League,AJ Finch,True,False,Punjab Kings,False
980907,2016,6,Bangalore,2016-04-12,Indian Premier League,4,male,T20,T20,20,2016,club,M Chinnaswamy Stadium,Sunrisers Hyderabad,Royal Challengers Bengaluru,Sunrisers Hyderabad,field,Royal Challengers Bengaluru,45.0,,245,win,League,AB de Villiers,False,True,Royal Challengers Bengaluru,True
980909,2016,6,Kolkata,2016-04-13,Indian Premier League,5,male,T20,T20,20,2016,club,Eden Gardens,Mumbai Indians,Kolkata Knight Riders,Mumbai Indians,field,Mumbai Indians,,6.0,25,win,League,RG Sharma,True,False,Kolkata Knight Riders,False
980911,2016,6,Rajkot,2016-04-14,Indian Premier League,6,male,T20,T20,20,2016,club,Saurashtra Cricket Association Stadium,Rising Pune Supergiants,Gujarat Lions,Rising Pune Supergiants,bat,Gujarat Lions,,7.0,48,win,League,AJ Finch,False,True,Rising Pune Supergiants,False
980913,2016,6,Delhi,2016-04-15,Indian Premier League,7,male,T20,T20,20,2016,club,Feroz Shah Kotla,Delhi Capitals,Delhi Capitals,Punjab Kings,field,Delhi Capitals,,8.0,185,win,League,A Mishra,True,False,Punjab Kings,False
980915,2016,6,Hyderabad,2016-04-16,Indian Premier League,8,male,T20,T20,20,2016,club,"Rajiv Gandhi International Stadium, Uppal",Sunrisers Hyderabad,Sunrisers Hyderabad,Kolkata Knight Riders,bat,Kolkata Knight Riders,,8.0,56,win,League,G Gambhir,False,True,Sunrisers Hyderabad,False
980917,2016,6,Mumbai,2016-04-16,Indian Premier League,9,male,T20,T20,20,2016,club,Wankhede Stadium,Gujarat Lions,Mumbai Indians,Gujarat Lions,field,Gujarat Lions,,3.0,48,win,League,AJ Finch,True,False,Mumbai Indians,False
980919,2016,6,Chandigarh,2016-04-17,Indian Premier League,10,male,T20,T20,20,2016,club,"Punjab Cricket Association IS Bindra Stadium, Mohali",Rising Pune Supergiants,Punjab Kings,Rising Pune Supergiants,bat,Punjab Kings,,6.0,68,win,League,M Vohra,False,True,Rising Pune Supergiants,False
980921,2016,6,Bangalore,2016-04-17,Indian Premier League,11,male,T20,T20,20,2016,club,M Chinnaswamy Stadium,Delhi Capitals,Royal Challengers Bengaluru,Delhi Capitals,field,Delhi Capitals,,7.0,1421,win,League,Q de Kock,True,False,Royal Challengers Bengaluru,False
980923,2016,6,Hyderabad,2016-04-18,Indian Premier League,12,male,T20,T20,20,2016,club,"Rajiv Gandhi International Stadium, Uppal",Sunrisers Hyderabad,Sunrisers Hyderabad,Mumbai Indians,field,Sunrisers Hyderabad,,7.0,12,win,League,DA Warner,True,False,Mumbai Indians,False
980925,2016,6,Chandigarh,2016-04-19,Indian Premier League,13,male,T20,T20,20,2016,club,"Punjab Cricket Association IS Bindra Stadium, Mohali",Kolkata Knight Riders,Punjab Kings,Kolkata Knight Riders,field,Kolkata Knight Riders,,6.0,58,win,League,RV Uthappa,True,False,Punjab Kings,False
980927,2016,6,Mumbai,2016-04-20,Indian Premier League,14,male,T20,T20,20,2016,club,Wankhede Stadium,Mumbai Indians,Mumbai Indians,Royal Challengers Bengaluru,field,Mumbai Indians,,6.0,25,win,League,RG Sharma,True,False,Royal Challengers Bengaluru,False
980929,2016,6,Rajkot,2016-04-21,Indian Premier League,15,male,T20,T20,20,2016,club,Saurashtra Cricket Association Stadium,Sunrisers Hyderabad,Gujarat Lions,Sunrisers Hyderabad,field,Sunrisers Hyderabad,,10.0,20,win,League,B Kumar,True,False,Gujarat Lions,False
980931,2016,6,Pune,2016-04-22,Indian Premier League,16,male,T20,T20,20,2016,club,Maharashtra Cricket Association Stadium,Rising Pune Supergiants,Rising Pune Supergiants,Royal Challengers Bengaluru,field,Royal Challengers Bengaluru,13.0,,245,win,League,AB de Villiers,False,True,Royal Challengers Bengaluru,True
980933,2016,6,Delhi,2016-04-23,Indian Premier League,17,male,T20,T20,20,2016,club,Feroz Shah Kotla,Mumbai Indians,Delhi Capitals,Mumbai Indians,field,Delhi Capitals,10.0,,180,win,League,SV Samson,False,True,Delhi Capitals,True
980935,2016,6,Hyderabad,2016-04-23,Indian Premier League,18,male,T20,T20,20,2016,club,"Rajiv Gandhi International Stadium, Uppal",Sunrisers Hyderabad,Sunrisers Hyderabad,Punjab Kings,field,Sunrisers Hyderabad,,5.0,297,win,League,Mustafizur Rahman,True,False,Punjab Kings,False
980937,2016,6,Rajkot,2016-04-24,Indian Premier League,19,male,T20,T20,20,2016,club,Saurashtra Cricket Association Stadium,Royal Challengers Bengaluru,Gujarat Lions,Royal Challengers Bengaluru,bat,Gujarat Lions,,6.0,332,win,League,V Kohli,False,True,Royal Challengers Bengaluru,False
980939,2016,6,Pune,2016-04-24,Indian Premier League,20,male,T20,T20,20,2016,club,Maharashtra Cricket Association Stadium,Kolkata Knight Riders,Rising Pune Supergiants,Kolkata Knight Riders,field,Kolkata Knight Riders,,2.0,61,win,League,SA Yadav,True,False,Rising Pune Supergiants,False
980941,2016,6,Chandigarh,2016-04-25,Indian Premier League,21,male,T20,T20,20,2016,club,"Punjab Cricket Association IS Bindra Stadium, Mohali",Punjab Kings,Punjab Kings,Mumbai Indians,field,Mumbai Indians,25.0,,23,win,League,PA Patel,False,True,Mumbai Indians,True
980943,2016,6,Hyderabad,2016-04-26,Indian Premier League,22,male,T20,T20,20,2016,club,"Rajiv Gandhi International Stadium, Uppal",Rising Pune Supergiants,Sunrisers Hyderabad,Rising Pune Supergiants,field,Rising Pune Supergiants,34.0,,43,win,League,AB Dinda,True,False,Sunrisers Hyderabad,False
980945,2016,6,Delhi,2016-04-27,Indian Premier League,23,male,T20,T20,20,2016,club,Feroz Shah Kotla,Delhi Capitals,Delhi Capitals,Gujarat Lions,field,Gujarat Lions,1.0,,182,win,League,CH Morris,False,True,Gujarat Lions,True
980947,2016,6,Mumbai,2016-04-28,Indian Premier League,24,male,T20,T20,20,2016,club,Wankhede Stadium,Mumbai Indians,Mumbai Indians,Kolkata Knight Riders,field,Mumbai Indians,,6.0,25,win,League,RG Sharma,True,False,Kolkata Knight Riders,False
980949,2016,6,Pune,2016-04-29,Indian Premier League,25,male,T20,T20,20,2016,club,Maharashtra Cricket Association Stadium,Gujarat Lions,Rising Pune Supergiants,Gujarat Lions,field,Gujarat Lions,,3.0,50,win,League,DR Smith,True,False,Rising Pune Supergiants,False
980951,2016,6,Delhi,2016-04-30,Indian Premier League,26,male,T20,T20,20,2016,club,Feroz Shah Kotla,Kolkata Knight Riders,Delhi Capitals,Kolkata Knight Riders,field,Delhi Capitals,27.0,,183,win,League,CR Brathwaite,False,True,Delhi Capitals,True
980953,2016,6,Hyderabad,2016-04-30,Indian Premier League,27,male,T20,T20,20,2016,club,"Rajiv Gandhi International Stadium, Uppal",Royal Challengers Bengaluru,Sunrisers Hyderabad,Royal Challengers Bengaluru,field,Sunrisers Hyderabad,15.0,,12,win,League,DA Warner,False,True,Sunrisers Hyderabad,True
980955,2016,6,Rajkot,2016-05-01,Indian Premier League,28,male,T20,T20,20,2016,club,Saurashtra Cricket Association Stadium,Gujarat Lions,Gujarat Lions,Punjab Kings,field,Punjab Kings,23.0,,70,win,League,AR Patel,False,True,Punjab Kings,True
980957,2016,6,Pune,2016-05-01,Indian Premier League,29,male,T20,T20,20,2016,club,Maharashtra Cricket Association Stadium,Mumbai Indians,Rising Pune Supergiants,Mumbai Indians,field,Mumbai Indians,,8.0,25,win,League,RG Sharma,True,False,Rising Pune Supergiants,False
980959,2016,6,Bangalore,2016-05-02,Indian Premier League,30,male,T20,T20,20,2016,club,M Chinnaswamy Stadium,Kolkata Knight Riders,Royal Challengers Bengaluru,Kolkata Knight Riders,field,Kolkata Knight Riders,,5.0,1437,win,League,AD Russell,True,False,Royal Challengers Bengaluru,False
980961,2016,6,Rajkot,2016-05-03,Indian Premier League,31,male,T20,T20,20,2016,club,Saurashtra Cricket Association Stadium,Delhi Capitals,Gujarat Lions,Delhi Capitals,field,Delhi Capitals,,8.0,181,win,League,RR Pant,True,False,Gujarat Lions,False
980963,2016,6,Kolkata,2016-05-04,Indian Premier League,32,male,T20,T20,20,2016,club,Eden Gardens,Punjab Kings,Kolkata Knight Riders,Punjab Kings,field,Kolkata Knight Riders,7.0,,1437,win,League,AD Russell,False,True,Kolkata Knight Riders,True
980965,2016,6,Delhi,2016-05-05,Indian Premier League,33,male,T20,T20,20,2016,club,Feroz Shah Kotla,Rising Pune Supergiants,Delhi Capitals,Rising Pune Supergiants,field,Rising Pune Supergiants,,7.0,34,win,League,AM Rahane,True,False,Delhi Capitals,False
980967,2016,6,Hyderabad,2016-05-06,Indian Premier League,34,male,T20,T20,20,2016,club,"Rajiv Gandhi International Stadium, Uppal",Sunrisers Hyderabad,Sunrisers Hyderabad,Gujarat Lions,field,Sunrisers Hyderabad,,5.0,20,win,League,B Kumar,True,False,Gujarat Lions,False
980969,2016,6,Bangalore,2016-05-07,Indian Premier League,35,male,T20,T20,20,2016,club,M Chinnaswamy Stadium,Royal Challengers Bengaluru,Royal Challengers Bengaluru,Rising Pune Supergiants,field,Royal Challengers Bengaluru,,7.0,332,win,League,V Kohli,True,False,Rising Pune Supergiants,False
980971,2016,6,Chandigarh,2016-05-07,Indian Premier League,36,male,T20,T20,20,2016,club,"Punjab Cricket Association IS Bindra Stadium, Mohali",Delhi Capitals,Punjab Kings,Delhi Capitals,field,Punjab Kings,9.0,,73,win,League,MP Stoinis,False,True,Punjab Kings,True
980973,2016,6,Visakhapatnam,2016-05-08,Indian Premier League,37,male,T20,T20,20,2016,club,Dr. Y.S. Rajasekhara Reddy ACA-VDCA Cricket Stadium,Mumbai Indians,Mumbai Indians,Sunrisers Hyderabad,field,Sunrisers Hyderabad,85.0,,21,win,League,A Nehra,False,True,Sunrisers Hyderabad,True
980975,2016,6,Kolkata,2016-05-08,Indian Premier League,38,male,T20,T20,20,2016,club,Eden Gardens,Gujarat Lions,Kolkata Knight Riders,Gujarat Lions,field,Gujarat Lions,,5.0,52,win,League,P Kumar,True,False,Kolkata Knight Riders,False
980977,2016,6,Chandigarh,2016-05-09,Indian Premier League,39,male,T20,T20,20,2016,club,"Punjab Cricket Association IS Bindra Stadium, Mohali",Punjab Kings,Punjab Kings,Royal Challengers Bengaluru,field,Royal Challengers Bengaluru,1.0,,5,win,League,SR Watson,False,True,Royal Challengers Bengaluru,True
1473446,2025,6,Ahmedabad,2025-03-29,Indian Premier League,9,male,T20,T20,20,2025,club,"Narendra Modi Stadium, Ahmedabad",Mumbai Indians,Gujarat Titans,Mumbai Indians,field,Gujarat Titans,36.0,,2188,win,League,M Prasidh Krishna,False,True,Gujarat Titans,True
980979,2016,6,Visakhapatnam,2016-05-10,Indian Premier League,40,male,T20,T20,20,2016,club,Dr. Y.S. Rajasekhara Reddy ACA-VDCA Cricket Stadium,Sunrisers Hyderabad,Rising Pune Supergiants,Sunrisers Hyderabad,bat,Sunrisers Hyderabad,4.0,,42,win,League,A Zampa,True,True,Sunrisers Hyderabad,True
980981,2016,6,Bangalore,2016-05-11,Indian Premier League,41,male,T20,T20,20,2016,club,M Chinnaswamy Stadium,Mumbai Indians,Royal Challengers Bengaluru,Mumbai Indians,field,Mumbai Indians,,6.0,28,win,League,KH Pandya,True,False,Royal Challengers Bengaluru,False
980983,2016,6,Hyderabad,2016-05-12,Indian Premier League,42,male,T20,T20,20,2016,club,"Rajiv Gandhi International Stadium, Uppal",Delhi Capitals,Sunrisers Hyderabad,Delhi Capitals,field,Delhi Capitals,,7.0,182,win,League,CH Morris,True,False,Sunrisers Hyderabad,False
980985,2016,6,Visakhapatnam,2016-05-13,Indian Premier League,43,male,T20,T20,20,2016,club,Dr. Y.S. Rajasekhara Reddy ACA-VDCA Cricket Stadium,Mumbai Indians,Mumbai Indians,Punjab Kings,bat,Punjab Kings,,7.0,73,win,League,MP Stoinis,False,True,Mumbai Indians,False
980987,2016,6,Bangalore,2016-05-14,Indian Premier League,44,male,T20,T20,20,2016,club,M Chinnaswamy Stadium,Gujarat Lions,Royal Challengers Bengaluru,Gujarat Lions,field,Royal Challengers Bengaluru,144.0,,245,win,League,AB de Villiers,False,True,Royal Challengers Bengaluru,True
980989,2016,6,Kolkata,2016-05-14,Indian Premier League,45,male,T20,T20,20,2016,club,Eden Gardens,Rising Pune Supergiants,Kolkata Knight Riders,Rising Pune Supergiants,bat,Kolkata Knight Riders,,8.0,60,win,League,YK Pathan,False,True,Rising Pune Supergiants,False
980991,2016,6,Chandigarh,2016-05-15,Indian Premier League,46,male,T20,T20,20,2016,club,"Punjab Cricket Association IS Bindra Stadium, Mohali",Punjab Kings,Punjab Kings,Sunrisers Hyderabad,bat,Sunrisers Hyderabad,,7.0,67,win,League,HM Amla,False,True,Punjab Kings,False
980993,2016,6,Visakhapatnam,2016-05-15,Indian Premier League,47,male,T20,T20,20,2016,club,Dr. Y.S. Rajasekhara Reddy ACA-VDCA Cricket Stadium,Delhi Capitals,Mumbai Indians,Delhi Capitals,field,Mumbai Indians,80.0,,28,win,League,KH Pandya,False,True,Mumbai Indians,True
980995,2016,6,Kolkata,2016-05-16,Indian Premier League,48,male,T20,T20,20,2016,club,Eden Gardens,Royal Challengers Bengaluru,Kolkata Knight Riders,Royal Challengers Bengaluru,field,Royal Challengers Bengaluru,,9.0,332,win,League,V Kohli,True,False,Kolkata Knight Riders,False
980997,2016,6,Visakhapatnam,2016-05-17,Indian Premier League,49,male,T20,T20,20,2016,club,Dr. Y.S. Rajasekhara Reddy ACA-VDCA Cricket Stadium,Rising Pune Supergiants,Rising Pune Supergiants,Delhi Capitals,field,Rising Pune Supergiants,19.0,,43,win,League,AB Dinda,True,False,Delhi Capitals,False
980999,2016,6,Bangalore,2016-05-18,Indian Premier League,50,male,T20,T20,20,2016,club,M Chinnaswamy Stadium,Punjab Kings,Royal Challengers Bengaluru,Punjab Kings,field,Royal Challengers Bengaluru,82.0,,332,win,League,V Kohli,False,True,Royal Challengers Bengaluru,True
981001,2016,6,Kanpur,2016-05-19,Indian Premier League,51,male,T20,T20,20,2016,club,Green Park,Gujarat Lions,Gujarat Lions,Kolkata Knight Riders,field,Gujarat Lions,,6.0,50,win,League,DR Smith,True,False,Kolkata Knight Riders,False
981003,2016,6,Raipur,2016-05-20,Indian Premier League,52,male,T20,T20,20,2016,club,Shaheed Veer Narayan Singh International Stadium,Delhi Capitals,Delhi Capitals,Sunrisers Hyderabad,field,Delhi Capitals,,6.0,179,win,League,KK Nair,True,False,Sunrisers Hyderabad,False
981005,2016,6,Visakhapatnam,2016-05-21,Indian Premier League,53,male,T20,T20,20,2016,club,Dr. Y.S. Rajasekhara Reddy ACA-VDCA Cricket Stadium,Punjab Kings,Rising Pune Supergiants,Punjab Kings,bat,Rising Pune Supergiants,,4.0,38,win,League,MS Dhoni,False,True,Punjab Kings,False
981007,2016,6,Kanpur,2016-05-21,Indian Premier League,54,male,T20,T20,20,2016,club,Green Park,Gujarat Lions,Gujarat Lions,Mumbai Indians,field,Gujarat Lions,,6.0,47,win,League,SK Raina,True,False,Mumbai Indians,False
981009,2016,6,Kolkata,2016-05-22,Indian Premier League,55,male,T20,T20,20,2016,club,Eden Gardens,Sunrisers Hyderabad,Kolkata Knight Riders,Sunrisers Hyderabad,field,Kolkata Knight Riders,22.0,,60,win,League,YK Pathan,False,True,Kolkata Knight Riders,True
981011,2016,6,Raipur,2016-05-22,Indian Premier League,56,male,T20,T20,20,2016,club,Shaheed Veer Narayan Singh International Stadium,Royal Challengers Bengaluru,Delhi Capitals,Royal Challengers Bengaluru,field,Royal Challengers Bengaluru,,6.0,332,win,League,V Kohli,True,False,Delhi Capitals,False
981013,2016,6,Bangalore,2016-05-24,Indian Premier League,0,male,T20,T20,20,2016,club,M Chinnaswamy Stadium,Royal Challengers Bengaluru,Gujarat Lions,Royal Challengers Bengaluru,field,Royal Challengers Bengaluru,,4.0,245,win,League,AB de Villiers,True,False,Gujarat Lions,False
981015,2016,6,Delhi,2016-05-25,Indian Premier League,0,male,T20,T20,20,2016,club,Feroz Shah Kotla,Kolkata Knight Riders,Sunrisers Hyderabad,Kolkata Knight Riders,field,Sunrisers Hyderabad,22.0,,14,win,League,MC Henriques,False,True,Sunrisers Hyderabad,True
981017,2016,6,Delhi,2016-05-27,Indian Premier League,0,male,T20,T20,20,2016,club,Feroz Shah Kotla,Sunrisers Hyderabad,Gujarat Lions,Sunrisers Hyderabad,field,Sunrisers Hyderabad,,4.0,12,win,League,DA Warner,True,False,Gujarat Lions,False
981019,2016,6,Bangalore,2016-05-29,Indian Premier League,0,male,T20,T20,20,2016,club,M Chinnaswamy Stadium,Sunrisers Hyderabad,Royal Challengers Bengaluru,Sunrisers Hyderabad,bat,Sunrisers Hyderabad,8.0,,17,win,League,BCJ Cutting,True,True,Sunrisers Hyderabad,True
1473447,2025,6,Visakhapatnam,2025-03-30,Indian Premier League,10,male,T20,T20,20,2025,club,"Dr. Y.S. Rajasekhara Reddy ACA-VDCA Cricket Stadium, Visakhapatnam",Sunrisers Hyderabad,Sunrisers Hyderabad,Delhi Capitals,bat,Delhi Capitals,,7.0,10109,win,League,MA Starc,False,True,Sunrisers Hyderabad,False
1473448,2025,6,Guwahati,2025-03-30,Indian Premier League,11,male,T20,T20,20,2025,club,"Barsapara Cricket Stadium, Guwahati",Chennai Super Kings,Rajasthan Royals,Chennai Super Kings,field,Rajasthan Royals,6.0,,26,win,League,N Rana,False,True,Rajasthan Royals,True
1473449,2025,6,Mumbai,2025-03-31,Indian Premier League,12,male,T20,T20,20,2025,club,"Wankhede Stadium, Mumbai",Mumbai Indians,Kolkata Knight Riders,Mumbai Indians,field,Mumbai Indians,,8.0,41785,win,League,Ashwani Kumar,True,False,Kolkata Knight Riders,False
1473450,2025,6,Lucknow,2025-04-01,Indian Premier League,13,male,T20,T20,20,2025,club,"Bharat Ratna Shri Atal Bihari Vajpayee Ekana Cricket Stadium, Lucknow",Punjab Kings,Lucknow Super Giants,Punjab Kings,field,Punjab Kings,,8.0,3747,win,League,P Simran Singh,True,False,Lucknow Super Giants,False
1473451,2025,6,Bengaluru,2025-04-02,Indian Premier League,14,male,T20,T20,20,2025,club,"M Chinnaswamy Stadium, Bengaluru",Gujarat Titans,Royal Challengers Bengaluru,Gujarat Titans,field,Gujarat Titans,,8.0,538,win,League,Mohammed Siraj,True,False,Royal Challengers Bengaluru,False
1473452,2025,6,Kolkata,2025-04-03,Indian Premier League,15,male,T20,T20,20,2025,club,"Eden Gardens, Kolkata",Sunrisers Hyderabad,Kolkata Knight Riders,Sunrisers Hyderabad,field,Kolkata Knight Riders,80.0,,6885,win,League,VG Arora,False,True,Kolkata Knight Riders,True
1473453,2025,6,Lucknow,2025-04-04,Indian Premier League,16,male,T20,T20,20,2025,club,"Bharat Ratna Shri Atal Bihari Vajpayee Ekana Cricket Stadium, Lucknow",Mumbai Indians,Lucknow Super Giants,Mumbai Indians,field,Lucknow Super Giants,12.0,,11833,win,League,DS Rathi,False,True,Lucknow Super Giants,True
1473454,2025,6,Chennai,2025-04-05,Indian Premier League,17,male,T20,T20,20,2025,club,"MA Chidambaram Stadium, Chepauk, Chennai",Delhi Capitals,Delhi Capitals,Chennai Super Kings,bat,Delhi Capitals,25.0,,1409,win,League,KL Rahul,True,True,Delhi Capitals,True
1473455,2025,6,Mohali,2025-04-05,Indian Premier League,18,male,T20,T20,20,2025,club,"Maharaja Yadavindra Singh International Cricket Stadium, Mullanpur",Punjab Kings,Rajasthan Royals,Punjab Kings,field,Rajasthan Royals,50.0,,1833,win,League,JC Archer,False,True,Rajasthan Royals,True
1473456,2025,6,Kolkata,2025-04-08,Indian Premier League,21,male,T20,T20,20,2025,club,"Eden Gardens, Kolkata",Kolkata Knight Riders,Lucknow Super Giants,Kolkata Knight Riders,field,Lucknow Super Giants,4.0,,2766,win,League,N Pooran,False,True,Lucknow Super Giants,True
1473457,2025,6,Hyderabad,2025-04-06,Indian Premier League,19,male,T20,T20,20,2025,club,"Rajiv Gandhi International Stadium, Uppal, Hyderabad",Gujarat Titans,Sunrisers Hyderabad,Gujarat Titans,field,Gujarat Titans,,7.0,538,win,League,Mohammed Siraj,True,False,Sunrisers Hyderabad,False
1473458,2025,6,Mumbai,2025-04-07,Indian Premier League,20,male,T20,T20,20,2025,club,"Wankhede Stadium, Mumbai",Mumbai Indians,Royal Challengers Bengaluru,Mumbai Indians,field,Royal Challengers Bengaluru,12.0,,5349,win,League,RM Patidar,False,True,Royal Challengers Bengaluru,True
1473459,2025,6,Mohali,2025-04-08,Indian Premier League,22,male,T20,T20,20,2025,club,"Maharaja Yadavindra Singh International Cricket Stadium, Mullanpur",Punjab Kings,Punjab Kings,Chennai Super Kings,bat,Punjab Kings,18.0,,11847,win,League,Priyansh Arya,True,True,Punjab Kings,True
1473460,2025,6,Ahmedabad,2025-04-09,Indian Premier League,23,male,T20,T20,20,2025,club,"Narendra Modi Stadium, Ahmedabad",Rajasthan Royals,Gujarat Titans,Rajasthan Royals,field,Gujarat Titans,58.0,,6999,win,League,B Sai Sudharsan,False,True,Gujarat Titans,True
1473461,2025,6,Bengaluru,2025-04-10,Indian Premier League,24,male,T20,T20,20,2025,club,"M Chinnaswamy Stadium, Bengaluru",Delhi Capitals,Royal Challengers Bengaluru,Delhi Capitals,field,Delhi Capitals,,6.0,1409,win,League,KL Rahul,True,False,Royal Challengers Bengaluru,False
1473462,2025,6,Chennai,2025-04-11,Indian Premier League,25,male,T20,T20,20,2025,club,"MA Chidambaram Stadium, Chepauk, Chennai",Kolkata Knight Riders,Chennai Super Kings,Kolkata Knight Riders,field,Kolkata Knight Riders,,8.0,65,win,League,SP Narine,True,False,Chennai Super Kings,False
1473463,2025,6,Lucknow,2025-04-12,Indian Premier League,26,male,T20,T20,20,2025,club,"Bharat Ratna Shri Atal Bihari Vajpayee Ekana Cricket Stadium, Lucknow",Lucknow Super Giants,Gujarat Titans,Lucknow Super Giants,field,Lucknow Super Giants,,6.0,6054,win,League,AK Markram,True,False,Gujarat Titans,False
1473464,2025,6,Hyderabad,2025-04-12,Indian Premier League,27,male,T20,T20,20,2025,club,"Rajiv Gandhi International Stadium, Uppal, Hyderabad",Punjab Kings,Punjab Kings,Sunrisers Hyderabad,bat,Sunrisers Hyderabad,,8.0,2349,win,League,Abhishek Sharma,False,True,Punjab Kings,False
1473465,2025,6,Jaipur,2025-04-13,Indian Premier League,28,male,T20,T20,20,2025,club,"Sawai Mansingh Stadium, Jaipur",Royal Challengers Bengaluru,Rajasthan Royals,Royal Challengers Bengaluru,field,Royal Challengers Bengaluru,,9.0,8945,win,League,PD Salt,True,False,Rajasthan Royals,False
1473466,2025,6,Delhi,2025-04-13,Indian Premier League,29,male,T20,T20,20,2025,club,"Arun Jaitley Stadium, Delhi",Delhi Capitals,Mumbai Indians,Delhi Capitals,field,Mumbai Indians,12.0,,676,win,League,KV Sharma,False,True,Mumbai Indians,True
1473467,2025,6,Lucknow,2025-04-14,Indian Premier League,30,male,T20,T20,20,2025,club,"Bharat Ratna Shri Atal Bihari Vajpayee Ekana Cricket Stadium, Lucknow",Chennai Super Kings,Lucknow Super Giants,Chennai Super Kings,field,Chennai Super Kings,,5.0,38,win,League,MS Dhoni,True,False,Lucknow Super Giants,False
1473468,2025,6,Mohali,2025-04-15,Indian Premier League,31,male,T20,T20,20,2025,club,"Maharaja Yadavindra Singh International Cricket Stadium, Mullanpur",Punjab Kings,Punjab Kings,Kolkata Knight Riders,bat,Punjab Kings,16.0,,10,win,League,YS Chahal,True,True,Punjab Kings,True
1473469,2025,6,Delhi,2025-04-16,Indian Premier League,32,male,T20,T20,20,2025,club,"Arun Jaitley Stadium, Delhi",Rajasthan Royals,Delhi Capitals,Rajasthan Royals,field,Delhi Capitals,,,10109,tie,League,MA Starc,False,True,Delhi Capitals,True
1473470,2025,6,Mumbai,2025-04-17,Indian Premier League,33,male,T20,T20,20,2025,club,"Wankhede Stadium, Mumbai",Mumbai Indians,Sunrisers Hyderabad,Mumbai Indians,field,Mumbai Indians,,4.0,10630,win,League,WG Jacks,True,False,Sunrisers Hyderabad,False
1473471,2025,6,Bengaluru,2025-04-18,Indian Premier League,34,male,T20,T20,20,2025,club,"M Chinnaswamy Stadium, Bengaluru",Punjab Kings,Royal Challengers Bengaluru,Punjab Kings,field,Punjab Kings,,5.0,6550,win,League,TH David,True,False,Royal Challengers Bengaluru,False
1473472,2025,6,Ahmedabad,2025-04-19,Indian Premier League,35,male,T20,T20,20,2025,club,"Narendra Modi Stadium, Ahmedabad",Gujarat Titans,Delhi Capitals,Gujarat Titans,field,Gujarat Titans,,7.0,24,win,League,JC Buttler,True,False,Delhi Capitals,False
1473473,2025,6,Jaipur,2025-04-19,Indian Premier League,36,male,T20,T20,20,2025,club,"Sawai Mansingh Stadium, Jaipur",Lucknow Super Giants,Lucknow Super Giants,Rajasthan Royals,bat,Lucknow Super Giants,2.0,,1286,win,League,Avesh Khan,True,True,Lucknow Super Giants,True
1473474,2025,6,Mohali,2025-04-20,Indian Premier League,37,male,T20,T20,20,2025,club,"Maharaja Yadavindra Singh International Cricket Stadium, Mullanpur",Royal Challengers Bengaluru,Punjab Kings,Royal Challengers Bengaluru,field,Royal Challengers Bengaluru,,7.0,332,win,League,V Kohli,True,False,Punjab Kings,False
1473475,2025,6,Mumbai,2025-04-20,Indian Premier League,38,male,T20,T20,20,2025,club,"Wankhede Stadium, Mumbai",Mumbai Indians,Chennai Super Kings,Mumbai Indians,field,Mumbai Indians,,9.0,25,win,League,RG Sharma,True,False,Chennai Super Kings,False
1473476,2025,6,Kolkata,2025-04-21,Indian Premier League,39,male,T20,T20,20,2025,club,"Eden Gardens, Kolkata",Kolkata Knight Riders,Gujarat Titans,Kolkata Knight Riders,field,Gujarat Titans,39.0,,1580,win,League,Shubman Gill,False,True,Gujarat Titans,True
1473477,2025,6,Lucknow,2025-04-22,Indian Premier League,40,male,T20,T20,20,2025,club,"Bharat Ratna Shri Atal Bihari Vajpayee Ekana Cricket Stadium, Lucknow",Delhi Capitals,Lucknow Super Giants,Delhi Capitals,field,Delhi Capitals,,8.0,8355,win,League,Mukesh Kumar,True,False,Lucknow Super Giants,False
1473478,2025,6,Hyderabad,2025-04-23,Indian Premier League,41,male,T20,T20,20,2025,club,"Rajiv Gandhi International Stadium, Uppal, Hyderabad",Mumbai Indians,Sunrisers Hyderabad,Mumbai Indians,field,Mumbai Indians,,7.0,66,win,League,TA Boult,True,False,Sunrisers Hyderabad,False
1473479,2025,6,Bengaluru,2025-04-24,Indian Premier League,42,male,T20,T20,20,2025,club,"M Chinnaswamy Stadium, Bengaluru",Rajasthan Royals,Royal Challengers Bengaluru,Rajasthan Royals,field,Royal Challengers Bengaluru,11.0,,4664,win,League,JR Hazlewood,False,True,Royal Challengers Bengaluru,True
1473480,2025,6,Chennai,2025-04-25,Indian Premier League,43,male,T20,T20,20,2025,club,"MA Chidambaram Stadium, Chepauk, Chennai",Sunrisers Hyderabad,Chennai Super Kings,Sunrisers Hyderabad,field,Sunrisers Hyderabad,,5.0,1285,win,League,HV Patel,True,False,Chennai Super Kings,False
1473481,2025,6,Kolkata,2025-04-26,Indian Premier League,44,male,T20,T20,20,2025,club,"Eden Gardens, Kolkata",Punjab Kings,Punjab Kings,Kolkata Knight Riders,bat,,,,nan,no result,League,,False,True,Punjab Kings,False
1473482,2025,6,Mumbai,2025-04-27,Indian Premier League,45,male,T20,T20,20,2025,club,"Wankhede Stadium, Mumbai",Lucknow Super Giants,Mumbai Indians,Lucknow Super Giants,field,Mumbai Indians,54.0,,10630,win,League,WG Jacks,False,True,Mumbai Indians,True
1473483,2025,6,Delhi,2025-04-27,Indian Premier League,46,male,T20,T20,20,2025,club,"Arun Jaitley Stadium, Delhi",Royal Challengers Bengaluru,Delhi Capitals,Royal Challengers Bengaluru,field,Royal Challengers Bengaluru,,6.0,28,win,League,KH Pandya,True,False,Delhi Capitals,False
1473484,2025,6,Jaipur,2025-04-28,Indian Premier League,47,male,T20,T20,20,2025,club,"Sawai Mansingh Stadium, Jaipur",Rajasthan Royals,Gujarat Titans,Rajasthan Royals,field,Rajasthan Royals,,8.0,42566,win,League,V Suryavanshi,True,False,Gujarat Titans,False
1473485,2025,6,Delhi,2025-04-29,Indian Premier League,48,male,T20,T20,20,2025,club,"Arun Jaitley Stadium, Delhi",Delhi Capitals,Kolkata Knight Riders,Delhi Capitals,field,Kolkata Knight Riders,14.0,,65,win,League,SP Narine,False,True,Kolkata Knight Riders,True
1473486,2025,6,Chennai,2025-04-30,Indian Premier League,49,male,T20,T20,20,2025,club,"MA Chidambaram Stadium, Chepauk, Chennai",Punjab Kings,Chennai Super Kings,Punjab Kings,field,Punjab Kings,,4.0,389,win,League,SS Iyer,True,False,Chennai Super Kings,False
1473487,2025,6,Jaipur,2025-05-01,Indian Premier League,50,male,T20,T20,20,2025,club,"Sawai Mansingh Stadium, Jaipur",Rajasthan Royals,Mumbai Indians,Rajasthan Royals,field,Mumbai Indians,100.0,,11801,win,League,RD Rickelton,False,True,Mumbai Indians,True
1473488,2025,6,Ahmedabad,2025-05-02,Indian Premier League,51,male,T20,T20,20,2025,club,"Narendra Modi Stadium, Ahmedabad",Sunrisers Hyderabad,Gujarat Titans,Sunrisers Hyderabad,field,Gujarat Titans,38.0,,2188,win,League,M Prasidh Krishna,False,True,Gujarat Titans,True
1473489,2025,6,Bengaluru,2025-05-03,Indian Premier League,52,male,T20,T20,20,2025,club,"M Chinnaswamy Stadium, Bengaluru",Chennai Super Kings,Royal Challengers Bengaluru,Chennai Super Kings,field,Royal Challengers Bengaluru,2.0,,6761,win,League,R Shepherd,False,True,Royal Challengers Bengaluru,True
1473490,2025,6,Kolkata,2025-05-04,Indian Premier League,53,male,T20,T20,20,2025,club,"Eden Gardens, Kolkata",Kolkata Knight Riders,Kolkata Knight Riders,Rajasthan Royals,bat,Kolkata Knight Riders,1.0,,1437,win,League,AD Russell,True,True,Kolkata Knight Riders,True
1473491,2025,6,Dharamsala,2025-05-04,Indian Premier League,54,male,T20,T20,20,2025,club,"Himachal Pradesh Cricket Association Stadium, Dharamsala",Lucknow Super Giants,Punjab Kings,Lucknow Super Giants,field,Punjab Kings,37.0,,3747,win,League,P Simran Singh,False,True,Punjab Kings,True
1473492,2025,6,Hyderabad,2025-05-05,Indian Premier League,55,male,T20,T20,20,2025,club,"Rajiv Gandhi International Stadium, Uppal, Hyderabad",Sunrisers Hyderabad,Delhi Capitals,Sunrisers Hyderabad,field,,,,nan,no result,League,,False,True,Delhi Capitals,False
1473493,2025,6,Mumbai,2025-05-06,Indian Premier League,56,male,T20,T20,20,2025,club,"Wankhede Stadium, Mumbai",Gujarat Titans,Mumbai Indians,Gujarat Titans,field,Gujarat Titans,,3.0,1580,win,League,Shubman Gill,True,False,Mumbai Indians,False
1473494,2025,6,Kolkata,2025-05-07,Indian Premier League,57,male,T20,T20,20,2025,club,"Eden Gardens, Kolkata",Kolkata Knight Riders,Kolkata Knight Riders,Chennai Super Kings,bat,Chennai Super Kings,,2.0,8809,win,League,Noor Ahmad,False,True,Kolkata Knight Riders,False
1473497,2025,6,Jaipur,2025-05-18,Indian Premier League,59,male,T20,T20,20,2025,club,"Sawai Mansingh Stadium, Jaipur",Punjab Kings,Punjab Kings,Rajasthan Royals,bat,Punjab Kings,10.0,,3495,win,League,Harpreet Brar,True,True,Punjab Kings,True
1473498,2025,6,Delhi,2025-05-18,Indian Premier League,60,male,T20,T20,20,2025,club,"Arun Jaitley Stadium, Delhi",Gujarat Titans,Delhi Capitals,Gujarat Titans,field,Gujarat Titans,,10.0,6999,win,League,B Sai Sudharsan,True,False,Delhi Capitals,False
1473499,2025,6,Lucknow,2025-05-19,Indian Premier League,61,male,T20,T20,20,2025,club,"Bharat Ratna Shri Atal Bihari Vajpayee Ekana Cricket Stadium, Lucknow",Sunrisers Hyderabad,Lucknow Super Giants,Sunrisers Hyderabad,field,Sunrisers Hyderabad,,6.0,2349,win,League,Abhishek Sharma,True,False,Lucknow Super Giants,False
1473500,2025,6,Delhi,2025-05-20,Indian Premier League,62,male,T20,T20,20,2025,club,"Arun Jaitley Stadium, Delhi",Rajasthan Royals,Chennai Super Kings,Rajasthan Royals,field,Rajasthan Royals,,6.0,9371,win,League,Akash Madhwal,True,False,Chennai Super Kings,False
1473501,2025,6,Mumbai,2025-05-21,Indian Premier League,63,male,T20,T20,20,2025,club,"Wankhede Stadium, Mumbai",Delhi Capitals,Mumbai Indians,Delhi Capitals,field,Mumbai Indians,59.0,,61,win,League,SA Yadav,False,True,Mumbai Indians,True
1473502,2025,6,Ahmedabad,2025-05-22,Indian Premier League,64,male,T20,T20,20,2025,club,"Narendra Modi Stadium, Ahmedabad",Gujarat Titans,Lucknow Super Giants,Gujarat Titans,field,Lucknow Super Giants,33.0,,4960,win,League,MR Marsh,False,True,Lucknow Super Giants,True
1473503,2025,6,Lucknow,2025-05-23,Indian Premier League,65,male,T20,T20,20,2025,club,"Bharat Ratna Shri Atal Bihari Vajpayee Ekana Cricket Stadium, Lucknow",Royal Challengers Bengaluru,Sunrisers Hyderabad,Royal Challengers Bengaluru,field,Sunrisers Hyderabad,42.0,,347,win,League,Ishan Kishan,False,True,Sunrisers Hyderabad,True
1473504,2025,6,Ahmedabad,2025-05-25,Indian Premier League,67,male,T20,T20,20,2025,club,"Narendra Modi Stadium, Ahmedabad",Chennai Super Kings,Chennai Super Kings,Gujarat Titans,bat,Chennai Super Kings,83.0,,6944,win,League,D Brevis,True,True,Chennai Super Kings,True
1473505,2025,6,Delhi,2025-05-25,Indian Premier League,68,male,T20,T20,20,2025,club,"Arun Jaitley Stadium, Delhi",Sunrisers Hyderabad,Sunrisers Hyderabad,Kolkata Knight Riders,bat,Sunrisers Hyderabad,110.0,,1740,win,League,H Klaasen,True,True,Sunrisers Hyderabad,True
1473506,2025,6,Jaipur,2025-05-26,Indian Premier League,69,male,T20,T20,20,2025,club,"Sawai Mansingh Stadium, Jaipur",Punjab Kings,Mumbai Indians,Punjab Kings,field,Punjab Kings,,7.0,42220,win,League,JP Inglis,True,False,Mumbai Indians,False
1473507,2025,6,Lucknow,2025-05-27,Indian Premier League,70,male,T20,T20,20,2025,club,"Bharat Ratna Shri Atal Bihari Vajpayee Ekana Cricket Stadium, Lucknow",Royal Challengers Bengaluru,Lucknow Super Giants,Royal Challengers Bengaluru,field,Royal Challengers Bengaluru,,6.0,6880,win,League,JM Sharma,True,False,Lucknow Super Giants,False
1473508,2025,6,New Chandigarh,2025-05-29,Indian Premier League,0,male,Qualifier 1,T20,20,2025,club,"Maharaja Yadavindra Singh International Cricket Stadium, Mullanpur",Royal Challengers Bengaluru,Punjab Kings,Royal Challengers Bengaluru,field,Royal Challengers Bengaluru,,8.0,8475,win,Qualifier 1,Suyash Sharma,True,False,Punjab Kings,False
1473509,2025,6,New Chandigarh,2025-05-30,Indian Premier League,0,male,Eliminator,T20,20,2025,club,"Maharaja Yadavindra Singh International Cricket Stadium, New Chandigarh",Mumbai Indians,Mumbai Indians,Gujarat Titans,bat,Mumbai Indians,20.0,,25,win,Eliminator,RG Sharma,True,True,Mumbai Indians,True
1473510,2025,6,Ahmedabad,2025-06-01,Indian Premier League,0,male,Qualifier 2,T20,20,2025,club,"Narendra Modi Stadium, Ahmedabad",Punjab Kings,Mumbai Indians,Punjab Kings,field,Punjab Kings,,5.0,389,win,Qualifier 2,SS Iyer,True,False,Mumbai Indians,False
1473511,2025,6,Ahmedabad,2025-06-03,Indian Premier League,0,male,Final,T20,20,2025,club,"Narendra Modi Stadium, Ahmedabad",Punjab Kings,Royal Challengers Bengaluru,Punjab Kings,field,Royal Challengers Bengaluru,6.0,,28,win,Final,KH Pandya,False,True,Royal Challengers Bengaluru,True
1485779,2025,6,Jaipur,2025-05-24,Indian Premier League,66,male,T20,T20,20,2025,club,"Sawai Mansingh Stadium, Jaipur",Delhi Capitals,Punjab Kings,Delhi Capitals,field,Delhi Capitals,,6.0,10070,win,League,Sameer Rizvi,True,False,Punjab Kings,False
1589258,2025,6,Bengaluru,2025-05-17,Indian Premier League,71,male,T20,T20,20,2025,club,"M Chinnaswamy Stadium, Bengaluru",,Royal Challengers Bengaluru,Kolkata Knight Riders,,,,,nan,no result,League,,False,True,Kolkata Knight Riders,False
